{
  "properties": {
    "connectionReferences": {
      "shared_commondataserviceforapps_1": {
        "runtimeSource": "embedded",
        "connection": {
          "connectionReferenceLogicalName": "eyf_sharedcommondataserviceforapps_d1561"
        },
        "api": {
          "name": "shared_commondataserviceforapps"
        }
      },
      "shared_office365": {
        "runtimeSource": "embedded",
        "connection": {
          "connectionReferenceLogicalName": "eyf_sharedoffice365_9ad52"
        },
        "api": {
          "name": "shared_office365"
        }
      },
      "shared_visualstudioteamservices": {
        "runtimeSource": "embedded",
        "connection": {
          "connectionReferenceLogicalName": "ey_sharedvisualstudioteamservices_406b8"
        },
        "api": {
          "name": "shared_visualstudioteamservices"
        }
      },
      "shared_office365_1": {
        "runtimeSource": "embedded",
        "connection": {
          "connectionReferenceLogicalName": "eyf_sharedoffice365_9ad52"
        },
        "api": {
          "name": "shared_office365"
        }
      }
    },
    "definition": {
      "$schema": "https://schema.management.azure.com/providers/Microsoft.Logic/schemas/2016-06-01/workflowdefinition.json#",
      "contentVersion": "1.0.0.0",
      "parameters": {
        "$connections": {
          "defaultValue": {},
          "type": "Object"
        },
        "$authentication": {
          "defaultValue": {},
          "type": "SecureObject"
        }
      },
      "triggers": {
        "manual": {
          "metadata": {
            "operationMetadataId": "2c30e54d-3f43-40ce-afb9-0fcd249c9bdc"
          },
          "type": "Request",
          "kind": "Button",
          "inputs": {
            "schema": {
              "type": "object",
              "properties": {
                "text": {
                  "title": "ParentStatus",
                  "type": "string",
                  "x-ms-dynamically-added": true,
                  "description": "Please enter your input",
                  "x-ms-content-hint": "TEXT"
                },
                "text_2": {
                  "title": "CreatedByEmail",
                  "type": "string",
                  "x-ms-dynamically-added": true,
                  "description": "Please enter your input",
                  "x-ms-content-hint": "TEXT"
                },
                "text_3": {
                  "title": "CreatedByName",
                  "type": "string",
                  "x-ms-dynamically-added": true,
                  "description": "Please enter your input",
                  "x-ms-content-hint": "TEXT"
                },
                "text_4": {
                  "title": "TicketID",
                  "type": "string",
                  "x-ms-dynamically-added": true,
                  "description": "Please enter your input",
                  "x-ms-content-hint": "TEXT"
                },
                "text_6": {
                  "title": "Comms:_Index",
                  "type": "string",
                  "x-ms-dynamically-added": true,
                  "description": "Please enter your input",
                  "x-ms-content-hint": "TEXT"
                },
                "text_7": {
                  "title": "TicketIdentifier",
                  "type": "string",
                  "x-ms-dynamically-added": true,
                  "description": "Please enter your input",
                  "x-ms-content-hint": "TEXT"
                },
                "text_8": {
                  "title": "AssignedTo",
                  "type": "string",
                  "x-ms-dynamically-added": true,
                  "description": "Please enter your input",
                  "x-ms-content-hint": "TEXT"
                },
                "text_12": {
                  "title": "Description",
                  "type": "string",
                  "x-ms-dynamically-added": true,
                  "description": "Please enter your input",
                  "x-ms-content-hint": "TEXT"
                },
                "text_13": {
                  "title": "ProjectName",
                  "type": "string",
                  "x-ms-dynamically-added": true,
                  "description": "Please enter your input",
                  "x-ms-content-hint": "TEXT"
                },
                "text_1": {
                  "title": "Work Item ID",
                  "type": "string",
                  "x-ms-dynamically-added": true,
                  "description": "Please enter your input",
                  "x-ms-content-hint": "TEXT"
                },
                "text_9": {
                  "title": "Work Item ADO",
                  "type": "string",
                  "x-ms-dynamically-added": true,
                  "description": "Please enter your input",
                  "x-ms-content-hint": "TEXT"
                },
                "text_11": {
                  "title": "Organization Name",
                  "type": "string",
                  "x-ms-dynamically-added": true,
                  "description": "Please enter your input",
                  "x-ms-content-hint": "TEXT"
                }
              },
              "required": [
                "text",
                "text_2",
                "text_3",
                "text_4",
                "text_6",
                "text_7",
                "text_8",
                "text_12",
                "text_13",
                "text_1",
                "text_9",
                "text_11"
              ]
            }
          }
        }
      },
      "actions": {
        "Try": {
          "actions": {
            "Get_App_Link": {
              "runAfter": {},
              "metadata": {
                "operationMetadataId": "2de9d461-dc07-4ec1-b31e-ccf93e154531"
              },
              "type": "OpenApiConnection",
              "inputs": {
                "host": {
                  "connectionName": "shared_commondataserviceforapps_1",
                  "operationId": "ListRecords",
                  "apiId": "/providers/Microsoft.PowerApps/apis/shared_commondataserviceforapps"
                },
                "parameters": {
                  "entityName": "ey_ticketgeneralconfigurations",
                  "$filter": "ey_name eq 'Canvas App Link'",
                  "$top": 1
                },
                "authentication": {
                  "type": "Raw",
                  "value": "@json(decodeBase64(triggerOutputs().headers['X-MS-APIM-Tokens']))['$ConnectionKey']"
                }
              }
            },
            "Compose": {
              "runAfter": {
                "Get_App_Link": [
                  "Succeeded"
                ]
              },
              "metadata": {
                "operationMetadataId": "0679e421-8386-4379-87a6-63d018202da6"
              },
              "type": "Compose",
              "inputs": "@concat(triggerBody()['text'],'Sent')"
            },
            "Get_Ticket_Admins_and_Resolvers": {
              "runAfter": {
                "Compose": [
                  "Succeeded"
                ]
              },
              "metadata": {
                "operationMetadataId": "8a800399-721c-4467-8448-07e1d949039e"
              },
              "type": "OpenApiConnection",
              "inputs": {
                "host": {
                  "connectionName": "shared_commondataserviceforapps_1",
                  "operationId": "ListRecords",
                  "apiId": "/providers/Microsoft.PowerApps/apis/shared_commondataserviceforapps"
                },
                "parameters": {
                  "entityName": "roles",
                  "$filter": "name eq 'TicketAdmin' or name eq 'TicketResolver'",
                  "$expand": "systemuserroles_association"
                },
                "authentication": {
                  "type": "Raw",
                  "value": "@json(decodeBase64(triggerOutputs().headers['X-MS-APIM-Tokens']))['$ConnectionKey']"
                }
              },
              "runtimeConfiguration": {
                "paginationPolicy": {
                  "minimumItemCount": 10000
                }
              }
            },
            "Apply_to_each": {
              "foreach": "@outputs('Get_Ticket_Admins_and_Resolvers')?['body/value']",
              "actions": {
                "Apply_to_each_2": {
                  "foreach": "@item()['systemuserroles_association']",
                  "actions": {
                    "Check_if_user_is_present": {
                      "actions": {
                        "Append_to_Dispatchers": {
                          "runAfter": {},
                          "metadata": {
                            "operationMetadataId": "dce72210-7c81-4a8d-a5e4-2e95bb0f745c"
                          },
                          "type": "AppendToArrayVariable",
                          "inputs": {
                            "name": "Dispatchers",
                            "value": "@item()['internalemailaddress']"
                          }
                        }
                      },
                      "runAfter": {},
                      "expression": {
                        "and": [
                          {
                            "not": {
                              "contains": [
                                "@variables('Dispatchers')",
                                "@item()['internalemailaddress']"
                              ]
                            }
                          }
                        ]
                      },
                      "metadata": {
                        "operationMetadataId": "1c0ef0d8-75bc-4b45-9c3c-44025f3d710d"
                      },
                      "type": "If"
                    }
                  },
                  "runAfter": {},
                  "metadata": {
                    "operationMetadataId": "9b5f4c60-d36e-48fc-8c6e-021845e1e0cc"
                  },
                  "type": "Foreach"
                }
              },
              "runAfter": {
                "Get_Ticket_Admins_and_Resolvers": [
                  "Succeeded"
                ]
              },
              "metadata": {
                "operationMetadataId": "7cf0dbf8-bff7-4ff2-9b5c-44450de656f0"
              },
              "type": "Foreach"
            },
            "Join_Dispatcher_Emails": {
              "runAfter": {
                "Get_Resolvers_Mapped_to_the_project": [
                  "Succeeded"
                ]
              },
              "metadata": {
                "operationMetadataId": "9b9d3c29-1c1c-4c27-8f1f-21b4ba2c848b"
              },
              "type": "Compose",
              "inputs": "@join(variables('Dispatchers'),';')"
            },
            "Check_if_status_is_New": {
              "actions": {
                "New_Status_email": {
                  "runAfter": {},
                  "metadata": {
                    "operationMetadataId": "10f9f506-db3f-43cf-aa35-b40a256945e3"
                  },
                  "type": "OpenApiConnection",
                  "inputs": {
                    "host": {
                      "connectionName": "shared_office365",
                      "operationId": "SendEmailV2",
                      "apiId": "/providers/Microsoft.PowerApps/apis/shared_office365"
                    },
                    "parameters": {
                      "emailMessage/To": "@outputs('Join_Dispatcher_Emails')",
                      "emailMessage/Subject": "Case: @{triggerBody()['text_4']} Status: @{triggerBody()['text']}",
                      "emailMessage/Body": "<p>A new ticket @{triggerBody()?['text_4']} has been created by @{triggerBody()?['text_3']}.</p><p><b><strong>Project: </strong></b>@{triggerBody()?['text_13']}</p><p><b><strong>Description: </strong></b>@{triggerBody()?['text_12']}</p>",
                      "emailMessage/Cc": "@triggerBody()?['text_2']",
                      "emailMessage/Importance": "Normal"
                    },
                    "authentication": {
                      "type": "Raw",
                      "value": "@json(decodeBase64(triggerOutputs().headers['X-MS-APIM-Tokens']))['$ConnectionKey']"
                    }
                  }
                },
                "Check_If_Work_Item_ID_is_not_empty": {
                  "actions": {
                    "Update_a_work_item": {
                      "runAfter": {},
                      "metadata": {
                        "operationMetadataId": "03067c2b-a314-4e77-90b5-110c142b170a"
                      },
                      "type": "OpenApiConnection",
                      "inputs": {
                        "host": {
                          "connectionName": "shared_visualstudioteamservices",
                          "operationId": "UpdateWorkItem",
                          "apiId": "/providers/Microsoft.PowerApps/apis/shared_visualstudioteamservices"
                        },
                        "parameters": {
                          "account": "@triggerBody()['text_11']",
                          "id": "@triggerBody()['text_1']",
                          "type": "@triggerBody()['text_9']",
                          "workItem/userEnteredFields": {
                            "State": "@{triggerBody()['text']}",
                            "Assigned To": "@{triggerBody()?['text_8']}"
                          }
                        },
                        "authentication": {
                          "type": "Raw",
                          "value": "@json(decodeBase64(triggerOutputs().headers['X-MS-APIM-Tokens']))['$ConnectionKey']"
                        }
                      }
                    }
                  },
                  "runAfter": {
                    "New_Status_email": [
                      "Succeeded"
                    ]
                  },
                  "expression": {
                    "and": [
                      {
                        "not": {
                          "equals": [
                            "@triggerBody()?['text_1']",
                            "@''"
                          ]
                        }
                      }
                    ]
                  },
                  "metadata": {
                    "operationMetadataId": "1bb36f30-8cd5-4ca6-be89-3ec2e6456e8a"
                  },
                  "type": "If"
                }
              },
              "runAfter": {
                "Join_Dispatcher_Emails": [
                  "Succeeded"
                ]
              },
              "else": {
                "actions": {
                  "Check_If_Work_Item_ID_is_not_empty_for_other_status": {
                    "actions": {
                      "Update_a_work_item_4": {
                        "runAfter": {},
                        "metadata": {
                          "operationMetadataId": "03067c2b-a314-4e77-90b5-110c142b170a"
                        },
                        "type": "OpenApiConnection",
                        "inputs": {
                          "host": {
                            "connectionName": "shared_visualstudioteamservices",
                            "operationId": "UpdateWorkItem",
                            "apiId": "/providers/Microsoft.PowerApps/apis/shared_visualstudioteamservices"
                          },
                          "parameters": {
                            "account": "@triggerBody()['text_11']",
                            "id": "@triggerBody()['text_1']",
                            "type": "@triggerBody()['text_9']",
                            "workItem/userEnteredFields": {
                              "State": "@{if(equals(triggerBody()?['text'],'In Progress'),'Active',if(and(equals(triggerBody()?['text'],'Resolved'),equals(triggerBody()['text_9'],'Task')),'Closed',triggerBody()?['text']))}",
                              "Assigned To": "@{triggerBody()?['text_8']}"
                            }
                          },
                          "authentication": {
                            "type": "Raw",
                            "value": "@json(decodeBase64(triggerOutputs().headers['X-MS-APIM-Tokens']))['$ConnectionKey']"
                          }
                        }
                      }
                    },
                    "runAfter": {
                      "Check_if_status_is_Resolved": [
                        "Succeeded"
                      ]
                    },
                    "expression": {
                      "and": [
                        {
                          "not": {
                            "equals": [
                              "@triggerBody()?['text_1']",
                              ""
                            ]
                          }
                        }
                      ]
                    },
                    "metadata": {
                      "operationMetadataId": "1bb36f30-8cd5-4ca6-be89-3ec2e6456e8a"
                    },
                    "type": "If"
                  },
                  "Check_if_status_is_Resolved": {
                    "actions": {
                      "Resolved_Status_Email": {
                        "runAfter": {
                          "App_Link": [
                            "Succeeded"
                          ]
                        },
                        "metadata": {
                          "operationMetadataId": "10f9f506-db3f-43cf-aa35-b40a256945e3"
                        },
                        "type": "OpenApiConnection",
                        "inputs": {
                          "host": {
                            "connectionName": "shared_office365",
                            "operationId": "SendEmailV2",
                            "apiId": "/providers/Microsoft.PowerApps/apis/shared_office365"
                          },
                          "parameters": {
                            "emailMessage/To": "@triggerBody()['text_2']",
                            "emailMessage/Subject": "Case: @{triggerBody()['text_4']} Status: @{triggerBody()['text']}",
                            "emailMessage/Body": "<p><span style=\"white-space: pre-wrap;\">Ticket </span>@{triggerBody()?['text_4']}<span style=\"white-space: pre-wrap;\"> created by </span>@{triggerBody()?['text_3']}<span style=\"white-space: pre-wrap;\"> status has been changed.</span></p><p><b><strong style=\"white-space: pre-wrap;\">Project: </strong></b>@{triggerBody()?['text_13']}</p><p><b><strong style=\"white-space: pre-wrap;\">Description: </strong></b>@{triggerBody()?['text_12']}</p><p><span style=\"white-space: pre-wrap;\">If the resolution provided does not meet your satisfaction, kindly reopen the ticket through the </span>@{outputs('App_Link')}<span style=\"white-space: pre-wrap;\">.</span></p>",
                            "emailMessage/Importance": "Normal"
                          },
                          "authentication": {
                            "type": "Raw",
                            "value": "@json(decodeBase64(triggerOutputs().headers['X-MS-APIM-Tokens']))['$ConnectionKey']"
                          }
                        }
                      },
                      "App_Link": {
                        "runAfter": {},
                        "metadata": {
                          "operationMetadataId": "d5172890-28e1-40bc-a089-dedabd562898"
                        },
                        "type": "Compose",
                        "inputs": "<a href=@{concat(first(outputs('Get_App_Link')?['body/value'])['ey_value'],'&isticket=true')}>application</a>"
                      }
                    },
                    "runAfter": {},
                    "else": {
                      "actions": {
                        "Other_Status_Email": {
                          "runAfter": {},
                          "metadata": {
                            "operationMetadataId": "10f9f506-db3f-43cf-aa35-b40a256945e3"
                          },
                          "type": "OpenApiConnection",
                          "inputs": {
                            "host": {
                              "connectionName": "shared_office365",
                              "operationId": "SendEmailV2",
                              "apiId": "/providers/Microsoft.PowerApps/apis/shared_office365"
                            },
                            "parameters": {
                              "emailMessage/To": "@if(equals(triggerBody()?['text_6'],'Reopen'),triggerBody()?['text_8'],triggerBody()?['text_2'])",
                              "emailMessage/Subject": "Case: @{triggerBody()['text_4']} Status: @{triggerBody()['text']}",
                              "emailMessage/Body": "<p>Ticket @{triggerBody()?['text_4']} created by @{triggerBody()?['text_3']} status has been changed.</p><p><b><strong>Project: </strong></b>@{triggerBody()?['text_13']}</p><p><b><strong>Description: </strong></b>@{triggerBody()?['text_12']}</p>",
                              "emailMessage/Cc": "@if(equals(triggerBody()?['text_6'],'Reopen'),triggerBody()?['text_2'],'')",
                              "emailMessage/Importance": "Normal"
                            },
                            "authentication": {
                              "type": "Raw",
                              "value": "@json(decodeBase64(triggerOutputs().headers['X-MS-APIM-Tokens']))['$ConnectionKey']"
                            }
                          }
                        }
                      }
                    },
                    "expression": {
                      "and": [
                        {
                          "equals": [
                            "@triggerBody()?['text']",
                            "Resolved"
                          ]
                        }
                      ]
                    },
                    "metadata": {
                      "operationMetadataId": "7014a212-1007-412e-8e98-23dad35eacd6"
                    },
                    "type": "If"
                  }
                }
              },
              "expression": {
                "and": [
                  {
                    "equals": [
                      "@triggerBody()['text']",
                      "New"
                    ]
                  }
                ]
              },
              "metadata": {
                "operationMetadataId": "70c3018e-4529-4b41-9c6e-06af8e547b1c"
              },
              "type": "If"
            },
            "Check_If_Status_is_not_Resolved": {
              "actions": {
                "Condition": {
                  "actions": {
                    "Update_Communication_status_Other": {
                      "runAfter": {},
                      "metadata": {
                        "operationMetadataId": "28d40707-a507-44d8-81ba-6660361a1dd9"
                      },
                      "type": "OpenApiConnection",
                      "inputs": {
                        "host": {
                          "connectionName": "shared_commondataserviceforapps_1",
                          "operationId": "UpdateRecord",
                          "apiId": "/providers/Microsoft.PowerApps/apis/shared_commondataserviceforapps"
                        },
                        "parameters": {
                          "entityName": "crd25_tbl_servicecasemanagements",
                          "recordId": "@triggerBody()['text_7']",
                          "item/crd25_col_comms_index": "@outputs('Compose')",
                          "item/crd25_col_completiondate": "@null",
                          "item/statecode": 0
                        },
                        "authentication": {
                          "type": "Raw",
                          "value": "@json(decodeBase64(triggerOutputs().headers['X-MS-APIM-Tokens']))['$ConnectionKey']"
                        }
                      }
                    }
                  },
                  "runAfter": {},
                  "else": {
                    "actions": {
                      "Update_Communication_status": {
                        "runAfter": {},
                        "metadata": {
                          "operationMetadataId": "28d40707-a507-44d8-81ba-6660361a1dd9"
                        },
                        "type": "OpenApiConnection",
                        "inputs": {
                          "host": {
                            "connectionName": "shared_commondataserviceforapps_1",
                            "operationId": "UpdateRecord",
                            "apiId": "/providers/Microsoft.PowerApps/apis/shared_commondataserviceforapps"
                          },
                          "parameters": {
                            "entityName": "crd25_tbl_servicecasemanagements",
                            "recordId": "@triggerBody()['text_7']",
                            "item/crd25_col_comms_index": "@outputs('Compose')",
                            "item/statecode": 0
                          },
                          "authentication": {
                            "type": "Raw",
                            "value": "@json(decodeBase64(triggerOutputs().headers['X-MS-APIM-Tokens']))['$ConnectionKey']"
                          }
                        }
                      }
                    }
                  },
                  "expression": {
                    "not": {
                      "equals": [
                        "@triggerBody()['text']",
                        "Closed"
                      ]
                    }
                  },
                  "metadata": {
                    "operationMetadataId": "33bff55b-0f5f-40c2-af53-2df031f56ec9"
                  },
                  "type": "If"
                }
              },
              "runAfter": {
                "Check_if_status_is_New": [
                  "Succeeded"
                ]
              },
              "else": {
                "actions": {
                  "Update_Communication_Status_and_Resolved_Date": {
                    "runAfter": {},
                    "metadata": {
                      "operationMetadataId": "28d40707-a507-44d8-81ba-6660361a1dd9"
                    },
                    "type": "OpenApiConnection",
                    "inputs": {
                      "host": {
                        "connectionName": "shared_commondataserviceforapps_1",
                        "operationId": "UpdateRecord",
                        "apiId": "/providers/Microsoft.PowerApps/apis/shared_commondataserviceforapps"
                      },
                      "parameters": {
                        "entityName": "crd25_tbl_servicecasemanagements",
                        "recordId": "@triggerBody()['text_7']",
                        "item/crd25_col_comms_index": "@outputs('Compose')",
                        "item/crd25_col_completiondate": "@utcNow()",
                        "item/statecode": 0
                      },
                      "authentication": {
                        "type": "Raw",
                        "value": "@json(decodeBase64(triggerOutputs().headers['X-MS-APIM-Tokens']))['$ConnectionKey']"
                      }
                    }
                  }
                }
              },
              "expression": {
                "and": [
                  {
                    "not": {
                      "equals": [
                        "@triggerBody()?['text']",
                        "Resolved"
                      ]
                    }
                  }
                ]
              },
              "metadata": {
                "operationMetadataId": "93a5554e-b9af-4e3d-8eb0-d1d977163263"
              },
              "type": "If"
            },
            "Get_Team_Details": {
              "runAfter": {
                "Apply_to_each": [
                  "Succeeded"
                ]
              },
              "metadata": {
                "operationMetadataId": "b3cf17dc-29ec-4cdc-a449-b12adc1099f8"
              },
              "type": "OpenApiConnection",
              "inputs": {
                "host": {
                  "connectionName": "shared_commondataserviceforapps_1",
                  "operationId": "ListRecords",
                  "apiId": "/providers/Microsoft.PowerApps/apis/shared_commondataserviceforapps"
                },
                "parameters": {
                  "entityName": "teams",
                  "fetchXml": "<fetch no-lock=\"true\"><entity name=\"team\"><link-entity name=\"teammembership\" from=\"teamid\" to=\"teamid\" intersect=\"true\"><link-entity name=\"systemuser\" from=\"systemuserid\" to=\"systemuserid\" alias=\"user\" intersect=\"true\" visible=\"true\"><attribute name=\"internalemailaddress\" /></link-entity></link-entity><filter><condition attribute=\"name\" operator=\"eq\" value=\"@{triggerBody()['text_13']} Team\" /></filter></entity></fetch>"
                },
                "authentication": {
                  "type": "Raw",
                  "value": "@json(decodeBase64(triggerOutputs().headers['X-MS-APIM-Tokens']))['$ConnectionKey']"
                }
              }
            },
            "Get_Resolvers_Mapped_to_the_project": {
              "foreach": "@outputs('Get_Team_Details')?['body/value']",
              "actions": {
                "Check_if_user_is_present_in_mail_list": {
                  "actions": {
                    "Append_users_to_Dispatchers": {
                      "runAfter": {},
                      "metadata": {
                        "operationMetadataId": "dce72210-7c81-4a8d-a5e4-2e95bb0f745c"
                      },
                      "type": "AppendToArrayVariable",
                      "inputs": {
                        "name": "Dispatchers",
                        "value": "@item()['user.internalemailaddress']"
                      }
                    }
                  },
                  "runAfter": {},
                  "expression": {
                    "and": [
                      {
                        "not": {
                          "contains": [
                            "@variables('Dispatchers')",
                            "@item()['user.internalemailaddress']"
                          ]
                        }
                      }
                    ]
                  },
                  "metadata": {
                    "operationMetadataId": "15c63f90-ee35-4c98-ad43-5430f9c30b59"
                  },
                  "type": "If"
                }
              },
              "runAfter": {
                "Get_Team_Details": [
                  "Succeeded"
                ]
              },
              "metadata": {
                "operationMetadataId": "4e6797fe-8422-4fa6-ba3a-62cb6ae54270"
              },
              "type": "Foreach"
            }
          },
          "runAfter": {
            "Initialize_Dispatchers": [
              "Succeeded"
            ]
          },
          "metadata": {
            "operationMetadataId": "56343a90-1423-4ffb-b640-3e045caab287"
          },
          "type": "Scope"
        },
        "Initialize_Dispatchers": {
          "runAfter": {},
          "metadata": {
            "operationMetadataId": "8e89885c-9c3c-43f4-99fc-9865a2a157fb"
          },
          "type": "InitializeVariable",
          "inputs": {
            "variables": [
              {
                "name": "Dispatchers",
                "type": "array"
              }
            ]
          }
        },
        "Respond_to_a_PowerApp_or_flow": {
          "runAfter": {
            "Try": [
              "Succeeded"
            ]
          },
          "metadata": {
            "operationMetadataId": "c6878e06-82c7-47ac-9a90-500a20e3dafc"
          },
          "type": "Response",
          "kind": "PowerApp",
          "inputs": {
            "statusCode": 200,
            "body": {
              "commstatus": "Sent"
            },
            "schema": {
              "type": "object",
              "properties": {
                "commstatus": {
                  "title": "CommStatus",
                  "x-ms-dynamically-added": true,
                  "type": "string"
                }
              }
            }
          }
        },
        "Catch": {
          "actions": {
            "Filter_array_with_failed_status": {
              "runAfter": {
                "Get_Mail_List": [
                  "Succeeded"
                ]
              },
              "metadata": {
                "operationMetadataId": "d0ff64a0-5605-4022-b21c-86c2f16f7ce6"
              },
              "type": "Query",
              "inputs": {
                "from": "@result('Try')",
                "where": "@or(equals(item()?['Status'], 'Failed'), equals(item()?['Status'], 'TimedOut'))"
              }
            },
            "Create_error_table": {
              "runAfter": {
                "Filter_array_with_failed_status": [
                  "Succeeded"
                ]
              },
              "metadata": {
                "operationMetadataId": "4601f7d6-6c68-40b6-a1e4-ea6a3fc79ca4"
              },
              "type": "Table",
              "inputs": {
                "from": "@body('Filter_array_with_failed_status')",
                "format": "HTML",
                "columns": [
                  {
                    "header": "Action",
                    "value": "@item()?['name']"
                  },
                  {
                    "header": "Status",
                    "value": "@item()?['status']"
                  },
                  {
                    "header": "ErrorMessage",
                    "value": "@item()?['error']?['message']"
                  }
                ]
              }
            },
            "Send_error_via_email": {
              "runAfter": {
                "Create_error_table": [
                  "Succeeded"
                ]
              },
              "metadata": {
                "operationMetadataId": "b2fe7314-ebeb-4c6c-8419-92449d9bddc2"
              },
              "type": "OpenApiConnection",
              "inputs": {
                "host": {
                  "connectionName": "shared_office365_1",
                  "operationId": "SendEmailV2",
                  "apiId": "/providers/Microsoft.PowerApps/apis/shared_office365"
                },
                "parameters": {
                  "emailMessage/To": "@first(outputs('Get_Mail_List')?['body/value'])?['ey_value']",
                  "emailMessage/Subject": "Child_Ticket_Status_Notification flow failed",
                  "emailMessage/Body": "<style>\ntable, td, th{\nborder: 1px solid #ddd;\ntext-align: left;\n}\n\ntable{\nborder-collapse: collapse;\nwidth: 100%;\n}\n\nth,td{\npadding: 15px;\n}\n\n</style>\n<p>\nHi<br/>\nPlease find the error details below:\n<br/>\n@{body('Create_error_table')}\n<br/>\nThanks<br/>\n</p>",
                  "emailMessage/Importance": "Normal"
                },
                "authentication": {
                  "type": "Raw",
                  "value": "@json(decodeBase64(triggerOutputs().headers['X-MS-APIM-Tokens']))['$ConnectionKey']"
                }
              }
            },
            "Get_Mail_List": {
              "runAfter": {},
              "metadata": {
                "operationMetadataId": "ef4a3881-533a-4127-a94a-16c491b97f29"
              },
              "type": "OpenApiConnection",
              "inputs": {
                "host": {
                  "connectionName": "shared_commondataserviceforapps_1",
                  "operationId": "ListRecords",
                  "apiId": "/providers/Microsoft.PowerApps/apis/shared_commondataserviceforapps"
                },
                "parameters": {
                  "entityName": "ey_ticketgeneralconfigurations",
                  "$filter": "ey_name eq 'Error Notification Mail'"
                },
                "authentication": {
                  "type": "Raw",
                  "value": "@json(decodeBase64(triggerOutputs().headers['X-MS-APIM-Tokens']))['$ConnectionKey']"
                }
              }
            }
          },
          "runAfter": {
            "Try": [
              "Failed",
              "TimedOut",
              "Skipped"
            ]
          },
          "metadata": {
            "operationMetadataId": "21cbdcf7-3bed-43f6-9792-39f34563595d"
          },
          "type": "Scope"
        }
      }
    },
    "templateName": ""
  },
  "schemaVersion": "1.0.0.0"
}