{
  "properties": {
    "connectionReferences": {
      "shared_visualstudioteamservices": {
        "runtimeSource": "embedded",
        "connection": {
          "connectionReferenceLogicalName": "ey_sharedvisualstudioteamservices_406b8"
        },
        "api": {
          "name": "shared_visualstudioteamservices"
        }
      },
      "shared_office365": {
        "runtimeSource": "embedded",
        "connection": {
          "connectionReferenceLogicalName": "eyf_sharedoffice365_9ad52"
        },
        "api": {
          "name": "shared_office365"
        }
      },
      "shared_commondataserviceforapps-2": {
        "runtimeSource": "embedded",
        "connection": {
          "connectionReferenceLogicalName": "eyf_sharedcommondataserviceforapps_d1561"
        },
        "api": {
          "name": "shared_commondataserviceforapps"
        }
      },
      "shared_office365_1": {
        "runtimeSource": "embedded",
        "connection": {
          "connectionReferenceLogicalName": "eyf_sharedoffice365_9ad52"
        },
        "api": {
          "name": "shared_office365"
        }
      }
    },
    "definition": {
      "$schema": "https://schema.management.azure.com/providers/Microsoft.Logic/schemas/2016-06-01/workflowdefinition.json#",
      "contentVersion": "1.0.0.0",
      "parameters": {
        "$connections": {
          "defaultValue": {},
          "type": "Object"
        },
        "$authentication": {
          "defaultValue": {},
          "type": "SecureObject"
        }
      },
      "triggers": {
        "manual": {
          "metadata": {
            "operationMetadataId": "d4e779df-cf17-4bc6-b4f7-33765eff5b69"
          },
          "type": "Request",
          "kind": "Button",
          "inputs": {
            "schema": {
              "type": "object",
              "properties": {
                "text": {
                  "title": "AssignedTo",
                  "type": "string",
                  "x-ms-dynamically-added": true,
                  "description": "Please enter your input",
                  "x-ms-content-hint": "TEXT"
                },
                "text_1": {
                  "title": "CreatedByEmail",
                  "type": "string",
                  "x-ms-dynamically-added": true,
                  "description": "Please enter your input",
                  "x-ms-content-hint": "TEXT"
                },
                "text_2": {
                  "title": "Worknote",
                  "type": "string",
                  "x-ms-dynamically-added": true,
                  "description": "Please enter your input",
                  "x-ms-content-hint": "TEXT"
                },
                "text_3": {
                  "title": "TicketID",
                  "type": "string",
                  "x-ms-dynamically-added": true,
                  "description": "Please enter your input",
                  "x-ms-content-hint": "TEXT"
                },
                "text_4": {
                  "title": "Project Name",
                  "type": "string",
                  "x-ms-dynamically-added": true,
                  "description": "Please enter your input",
                  "x-ms-content-hint": "TEXT"
                },
                "text_5": {
                  "title": "Work Item ID",
                  "type": "string",
                  "x-ms-dynamically-added": true,
                  "description": "Please enter your input",
                  "x-ms-content-hint": "TEXT"
                },
                "text_6": {
                  "title": "Organization Name",
                  "type": "string",
                  "x-ms-dynamically-added": true,
                  "description": "Please enter your input",
                  "x-ms-content-hint": "TEXT"
                },
                "text_7": {
                  "title": "CreatedByName",
                  "type": "string",
                  "x-ms-dynamically-added": true,
                  "description": "Please enter your input",
                  "x-ms-content-hint": "TEXT"
                },
                "boolean": {
                  "description": "Please select yes or no",
                  "title": "IsAssignedTo",
                  "type": "boolean",
                  "x-ms-content-hint": "BOOLEAN",
                  "x-ms-dynamically-added": true
                },
                "text_8": {
                  "description": "Please enter your input",
                  "title": "WorkItemCreatedName",
                  "type": "string",
                  "x-ms-content-hint": "TEXT",
                  "x-ms-dynamically-added": true
                },
                "text_9": {
                  "title": "Canvas App Link",
                  "type": "string",
                  "x-ms-dynamically-added": true,
                  "description": "Please enter your input",
                  "x-ms-content-hint": "TEXT"
                }
              },
              "required": [
                "text",
                "text_1",
                "text_2",
                "text_3",
                "text_4",
                "text_5",
                "text_6",
                "text_7",
                "boolean",
                "text_8",
                "text_9"
              ]
            }
          }
        }
      },
      "actions": {
        "Try": {
          "actions": {
            "Check_If_Created_By_Assignee": {
              "actions": {
                "AppLink": {
                  "runAfter": {},
                  "metadata": {
                    "operationMetadataId": "28b79b4f-ca75-4342-8a8d-68e414d70165"
                  },
                  "type": "Compose",
                  "inputs": "<a href=\"@{concat(triggerBody()['text_9'],'&isticket=true')}\">here</a>"
                },
                "Send_Worknotes_Change_Notification": {
                  "runAfter": {
                    "AppLink": [
                      "Succeeded"
                    ]
                  },
                  "metadata": {
                    "operationMetadataId": "cac640ac-7c4f-4490-9644-ac44c3d2affb"
                  },
                  "type": "OpenApiConnection",
                  "inputs": {
                    "host": {
                      "connectionName": "shared_office365",
                      "operationId": "SendEmailV2",
                      "apiId": "/providers/Microsoft.PowerApps/apis/shared_office365"
                    },
                    "parameters": {
                      "emailMessage/To": ";@{triggerBody()['text_1']}",
                      "emailMessage/Subject": "New worknote added to ticket @{triggerBody()['text_3']}",
                      "emailMessage/Body": "<p>Hello, A new worknote was added to the @{triggerBody()['text_4']}</p><p><b><strong>Ticket:</strong></b> @{triggerBody()['text_3']}.</p><p><b><strong>Details:</strong></b> @{triggerBody()['text_2']}</p><p>Click @{outputs('AppLink')} to view it in the application.</p>",
                      "emailMessage/Importance": "Normal"
                    },
                    "authentication": {
                      "type": "Raw",
                      "value": "@json(decodeBase64(triggerOutputs().headers['X-MS-APIM-Tokens']))['$ConnectionKey']"
                    }
                  }
                }
              },
              "runAfter": {},
              "expression": {
                "and": [
                  {
                    "equals": [
                      "@triggerBody()?['boolean']",
                      "@false"
                    ]
                  }
                ]
              },
              "metadata": {
                "operationMetadataId": "6876d5d6-48c0-4465-bcc3-ba4b258a0796"
              },
              "type": "If"
            },
            "Check_if_resolver_is_mapped": {
              "actions": {
                "Get_Ticket_Details": {
                  "runAfter": {},
                  "metadata": {
                    "operationMetadataId": "3c57c721-f11d-42ec-b015-a710e2cd104b"
                  },
                  "type": "OpenApiConnection",
                  "inputs": {
                    "host": {
                      "connectionName": "shared_commondataserviceforapps-2",
                      "operationId": "ListRecords",
                      "apiId": "/providers/Microsoft.PowerApps/apis/shared_commondataserviceforapps"
                    },
                    "parameters": {
                      "entityName": "crd25_tbl_servicecasemanagements",
                      "$filter": "crd25_col_ticketid eq '@{triggerBody()?['text_3']}'",
                      "$top": 1
                    },
                    "authentication": {
                      "type": "Raw",
                      "value": "@json(decodeBase64(triggerOutputs().headers['X-MS-APIM-Tokens']))['$ConnectionKey']"
                    }
                  }
                },
                "Retrieve_appmodule": {
                  "runAfter": {
                    "Get_Ticket_Details": [
                      "Succeeded"
                    ]
                  },
                  "metadata": {
                    "operationMetadataId": "156051b2-c3b0-4a99-843a-b39a6adb189a"
                  },
                  "type": "OpenApiConnection",
                  "inputs": {
                    "host": {
                      "connectionName": "shared_commondataserviceforapps-2",
                      "operationId": "ListRecords",
                      "apiId": "/providers/Microsoft.PowerApps/apis/shared_commondataserviceforapps"
                    },
                    "parameters": {
                      "entityName": "appmodules",
                      "$filter": "name eq 'Service Case Management App'",
                      "$top": 1
                    },
                    "authentication": {
                      "type": "Raw",
                      "value": "@json(decodeBase64(triggerOutputs().headers['X-MS-APIM-Tokens']))['$ConnectionKey']"
                    }
                  }
                },
                "AppLink_Resolver": {
                  "runAfter": {
                    "Retrieve_appmodule": [
                      "Succeeded"
                    ]
                  },
                  "metadata": {
                    "operationMetadataId": "232a19b4-3e40-4320-8f5d-422a2317ad7f"
                  },
                  "type": "Compose",
                  "inputs": "<a href=\"@{concat(first(split(outputs('Get_Ticket_Details')?['body/value'][0]?['@odata.id'], '/api/')),'/main.aspx?appid=',outputs('Retrieve_appmodule')?['body']?['value'][0]?['appmoduleid'],'&pagetype=entityrecord&etn=crd25_tbl_servicecasemanagement&id=',outputs('Get_Ticket_Details')?['body/value'][0]?['crd25_tbl_servicecasemanagementid'])}\">here</a>"
                },
                "Send_Worknotes_Change_Notification_Resolver": {
                  "runAfter": {
                    "AppLink_Resolver": [
                      "Succeeded"
                    ]
                  },
                  "metadata": {
                    "operationMetadataId": "cac640ac-7c4f-4490-9644-ac44c3d2affb"
                  },
                  "type": "OpenApiConnection",
                  "inputs": {
                    "host": {
                      "connectionName": "shared_office365",
                      "operationId": "SendEmailV2",
                      "apiId": "/providers/Microsoft.PowerApps/apis/shared_office365"
                    },
                    "parameters": {
                      "emailMessage/To": "@{triggerBody()['text']}; ",
                      "emailMessage/Subject": "New worknote added to ticket @{triggerBody()['text_3']}",
                      "emailMessage/Body": "<p>Hello, A new worknote was added to the @{triggerBody()['text_4']}</p><p><b><strong>Ticket:</strong></b> @{triggerBody()['text_3']}.</p><p><b><strong>Details:</strong></b> @{triggerBody()['text_2']}</p><p>Click @{outputs('AppLink_Resolver')} to view it in the application.</p>",
                      "emailMessage/Importance": "Normal"
                    },
                    "authentication": {
                      "type": "Raw",
                      "value": "@json(decodeBase64(triggerOutputs().headers['X-MS-APIM-Tokens']))['$ConnectionKey']"
                    }
                  }
                }
              },
              "runAfter": {
                "Check_If_Created_By_Assignee": [
                  "Succeeded"
                ]
              },
              "expression": {
                "and": [
                  {
                    "not": {
                      "equals": [
                        "@triggerBody()?['text']",
                        ""
                      ]
                    }
                  },
                  {
                    "equals": [
                      "@triggerBody()?['boolean']",
                      "@true"
                    ]
                  }
                ]
              },
              "metadata": {
                "operationMetadataId": "4e67382c-26b8-41a3-8a39-c6d1d79f8590"
              },
              "type": "If"
            },
            "Respond_to_a_PowerApp_or_flow": {
              "runAfter": {
                "Check_if_resolver_is_mapped": [
                  "Succeeded"
                ]
              },
              "metadata": {
                "operationMetadataId": "8252c129-4c30-4d16-9810-cb40733a47fa"
              },
              "type": "Response",
              "kind": "PowerApp",
              "inputs": {
                "statusCode": 200,
                "body": {},
                "schema": {
                  "type": "object",
                  "properties": {}
                }
              }
            }
          },
          "runAfter": {},
          "metadata": {
            "operationMetadataId": "5edb52c3-7252-4aae-bb18-689e72c5bfc7"
          },
          "type": "Scope"
        },
        "Catch": {
          "actions": {
            "Filter_array_with_failed_status": {
              "runAfter": {
                "Get_Mail_List": [
                  "Succeeded"
                ]
              },
              "metadata": {
                "operationMetadataId": "d0ff64a0-5605-4022-b21c-86c2f16f7ce6"
              },
              "type": "Query",
              "inputs": {
                "from": "@result('Try')",
                "where": "@or(equals(item()?['Status'], 'Failed'), equals(item()?['Status'], 'TimedOut'))"
              }
            },
            "Create_error_table": {
              "runAfter": {
                "Filter_array_with_failed_status": [
                  "Succeeded"
                ]
              },
              "metadata": {
                "operationMetadataId": "4601f7d6-6c68-40b6-a1e4-ea6a3fc79ca4"
              },
              "type": "Table",
              "inputs": {
                "from": "@body('Filter_array_with_failed_status')",
                "format": "HTML",
                "columns": [
                  {
                    "header": "Action",
                    "value": "@item()?['name']"
                  },
                  {
                    "header": "Status",
                    "value": "@item()?['status']"
                  },
                  {
                    "header": "ErrorMessage",
                    "value": "@item()?['error']?['message']"
                  }
                ]
              }
            },
            "Send_error_via_email": {
              "runAfter": {
                "Create_error_table": [
                  "Succeeded"
                ]
              },
              "metadata": {
                "operationMetadataId": "b2fe7314-ebeb-4c6c-8419-92449d9bddc2"
              },
              "type": "OpenApiConnection",
              "inputs": {
                "host": {
                  "connectionName": "shared_office365_1",
                  "operationId": "SendEmailV2",
                  "apiId": "/providers/Microsoft.PowerApps/apis/shared_office365"
                },
                "parameters": {
                  "emailMessage/To": "@first(outputs('Get_Mail_List')?['body/value'])?['ey_value']",
                  "emailMessage/Subject": "Child_Ticket_Worknotes_Notification flow failed",
                  "emailMessage/Body": "<style>\ntable, td, th{\nborder: 1px solid #ddd;\ntext-align: left;\n}\n\ntable{\nborder-collapse: collapse;\nwidth: 100%;\n}\n\nth,td{\npadding: 15px;\n}\n\n</style>\n<p>\nHi,\n<br/>\nPlease find the error details below:\n<br>\n@{body('Create_error_table')}\n\n<br/>\nThanks\n</p>",
                  "emailMessage/Importance": "Normal"
                },
                "authentication": {
                  "type": "Raw",
                  "value": "@json(decodeBase64(triggerOutputs().headers['X-MS-APIM-Tokens']))['$ConnectionKey']"
                }
              }
            },
            "Get_Mail_List": {
              "runAfter": {},
              "metadata": {
                "operationMetadataId": "691b92a7-8c69-4fb2-982c-256bc17d4886"
              },
              "type": "OpenApiConnection",
              "inputs": {
                "host": {
                  "connectionName": "shared_commondataserviceforapps-2",
                  "operationId": "ListRecords",
                  "apiId": "/providers/Microsoft.PowerApps/apis/shared_commondataserviceforapps"
                },
                "parameters": {
                  "entityName": "ey_ticketgeneralconfigurations",
                  "$filter": "ey_name eq 'Error Notification Mail'"
                },
                "authentication": {
                  "type": "Raw",
                  "value": "@json(decodeBase64(triggerOutputs().headers['X-MS-APIM-Tokens']))['$ConnectionKey']"
                }
              }
            },
            "Terminate": {
              "runAfter": {
                "Send_error_via_email": [
                  "Succeeded"
                ]
              },
              "metadata": {
                "operationMetadataId": "65605d58-e06a-4020-b1cd-cbd69c3e9dab"
              },
              "type": "Terminate",
              "inputs": {
                "runStatus": "Succeeded"
              }
            },
            "Condition": {
              "actions": {
                "Update_a_work_item": {
                  "runAfter": {},
                  "metadata": {
                    "operationMetadataId": "26fc1389-fa37-4961-9cb8-36a6fe19a3bf"
                  },
                  "type": "OpenApiConnection",
                  "inputs": {
                    "host": {
                      "connectionName": "shared_visualstudioteamservices",
                      "operationId": "UpdateWorkItem",
                      "apiId": "/providers/Microsoft.PowerApps/apis/shared_visualstudioteamservices"
                    },
                    "parameters": {
                      "account": "@triggerBody()['text_6']",
                      "id": "@triggerBody()['text_5']",
                      "workItem/userEnteredFields": {
                        "History": "@{concat(triggerBody()['text_2'],' - by ',triggerBody()?['text_8'])}"
                      }
                    },
                    "authentication": {
                      "type": "Raw",
                      "value": "@json(decodeBase64(triggerOutputs().headers['X-MS-APIM-Tokens']))['$ConnectionKey']"
                    }
                  }
                }
              },
              "runAfter": {
                "Terminate": [
                  "Succeeded"
                ]
              },
              "expression": {
                "and": [
                  {
                    "not": {
                      "equals": [
                        "@triggerBody()?['text_5']",
                        "@''"
                      ]
                    }
                  }
                ]
              },
              "metadata": {
                "operationMetadataId": "8901c21c-4a04-4abe-b879-82963753f8c8"
              },
              "type": "If"
            }
          },
          "runAfter": {
            "Try": [
              "Failed",
              "Skipped",
              "TimedOut"
            ]
          },
          "metadata": {
            "operationMetadataId": "21cbdcf7-3bed-43f6-9792-39f34563595d"
          },
          "type": "Scope"
        }
      }
    },
    "templateName": ""
  },
  "schemaVersion": "1.0.0.0"
}