{
  "properties": {
    "connectionReferences": {
      "shared_office365": {
        "runtimeSource": "embedded",
        "connection": {
          "connectionReferenceLogicalName": "eyf_sharedoffice365_9ad52"
        },
        "api": {
          "name": "shared_office365"
        }
      },
      "shared_commondataserviceforapps-1": {
        "runtimeSource": "embedded",
        "connection": {
          "connectionReferenceLogicalName": "new_sharedcommondataserviceforapps_f4fe2"
        },
        "api": {
          "name": "shared_commondataserviceforapps"
        }
      },
      "shared_commondataserviceforapps": {
        "runtimeSource": "embedded",
        "connection": {
          "connectionReferenceLogicalName": "eyf_sharedcommondataserviceforapps_d1561"
        },
        "api": {
          "name": "shared_commondataserviceforapps"
        }
      }
    },
    "definition": {
      "$schema": "https://schema.management.azure.com/providers/Microsoft.Logic/schemas/2016-06-01/workflowdefinition.json#",
      "contentVersion": "1.0.0.0",
      "parameters": {
        "$connections": {
          "defaultValue": {},
          "type": "Object"
        },
        "$authentication": {
          "defaultValue": {},
          "type": "SecureObject"
        },
        "Environment Link (eyf_EnvLink)": {
          "defaultValue": "https://fabricacrm-dev.crm.dynamics.com/main.aspx?appid=e18df015-7a76-ef11-a670-0022480c55cb&pagetype=entityrecord&etn=crd25_tbl_servicecasemanagement&id=",
          "type": "String",
          "metadata": {
            "schemaName": "eyf_EnvLink",
            "description": "Environment Link"
          }
        }
      },
      "triggers": {
        "When_a_row_is_added,_modified,_or_deleted": {
          "metadata": {
            "operationMetadataId": "c99bb0bc-8ef4-4567-b6db-885f03ef4627"
          },
          "type": "OpenApiConnectionWebhook",
          "inputs": {
            "parameters": {
              "subscriptionRequest/message": 3,
              "subscriptionRequest/entityname": "crd25_tbl_servicecasemanagement",
              "subscriptionRequest/scope": 4,
              "subscriptionRequest/filteringattributes": "ey_status"
            },
            "host": {
              "connectionName": "shared_commondataserviceforapps",
              "operationId": "SubscribeWebhookTrigger",
              "apiId": "/providers/Microsoft.PowerApps/apis/shared_commondataserviceforapps"
            }
          },
          "conditions": [
            {
              "expression": "@equals(triggerOutputs()?['body/ey_status'], 122280003)"
            }
          ]
        }
      },
      "actions": {
        "Condition_to_validate_ticket_status": {
          "actions": {
            "Send_closer_email_notification_to_user": {
              "runAfter": {
                "Get_owner_ID_from_user_table": [
                  "Succeeded"
                ]
              },
              "metadata": {
                "operationMetadataId": "46546c11-2c53-4cd3-bdae-2b67434252b9"
              },
              "type": "OpenApiConnection",
              "inputs": {
                "host": {
                  "connectionName": "shared_office365",
                  "operationId": "SendEmailV2",
                  "apiId": "/providers/Microsoft.PowerApps/apis/shared_office365"
                },
                "parameters": {
                  "emailMessage/To": "@outputs('Get_owner_ID_from_user_table')?['body/internalemailaddress']",
                  "emailMessage/Subject": "Ticket Closure Notification - ",
                  "emailMessage/Body": "\n            <meta>\n            <meta>\n            <title>My Email Subject</title>\n            <meta>\n            <meta>\n            <meta>\n            <meta>\n            <meta>\n            <meta>\n            <meta>\n            <meta>\n            <meta>\n            <meta>\n            <style>\n                body {\n                    font-family: Arial, Verdana, sans-serif;\n                    font-size: 14px;\n                    color: #000;\n                    background-color: #fff;\n                }\n\n                h1 {\n                    color: #000;\n                    font-size: 34px;\n                    font-weight: normal;\n                    font-family: Verdana, Arial, sans-serif;\n                    line-height: inherit;\n                    text-align: left;\n                    margin: 0px;\n                }\n\n                h2 {\n                    color: #333;\n                    font-size: 24px;\n                    font-weight: normal;\n                    font-family: sans-serif;\n                    line-height: inherit;\n                    text-align: left;\n                    margin: 0px;\n                }\n\n                h3 {\n                    color: #000;\n                    font-size: 16px;\n                    font-weight: normal;\n                    font-family: Verdana, Arial, sans-serif;\n                    line-height: inherit;\n                    text-align: left;\n                    margin: 0px;\n                }\n\n                p {\n                    font-family: Arial, Verdana, sans-serif;\n                    font-size: 14px;\n                    color: #000;\n                    line-height: inherit;\n                    font-weight: normal;\n                    text-align: left;\n                }\n\n                a {\n                    font-family: Arial, Verdana, sans-serif;\n                    font-size: inherit;\n                    font-weight: normal;\n                    color: #0082dd;\n                    text-decoration: none;\n                }\n\n                .buttonWrapper {\n                    margin: 10px 0px;\n                }\n\n                .buttonClass {\n                    font-family: Arial, Verdana, sans-serif;\n                    font-size: 16px;\n                    font-weight: normal;\n                    border-radius: 4px;\n                    color: white;\n                    border: none;\n                    background-color: rgb(7, 66, 171);\n                    padding: 10px 20px;\n                    text-decoration: none;\n                }\n\n                .buttonClass span {\n                    font-family: inherit;\n                    text-decoration: inherit;\n                }\n\n                .divider {\n                    border-top: 2px solid silver;\n                    margin: 10px 0px;\n                    width: 100%;\n                }\n\n                div div {\n                    background-color: transparent;\n                }\n\n                [data-layout=\"true\"] {\n                    border: none;\n                    margin: 0 auto;\n                    background-color: rgb(255, 255, 255);\n                    max-width: /* @layout-max-width */ 600px /* @layout-max-width */;\n                }\n   \n            </style>\n        \n\n\n    <div style=\"max-width: 600px; margin: auto;\">\n        <div class=\"columns-equal-class wrap-section\" style=\"margin: 0px; border-radius: 0px;\">\n            <table class=\"outer\" cellpadding=\"0\" cellspacing=\"0\" style=\"border-collapse: collapse; width: 600px; display: block;\">\n                <tbody>\n                    <tr>\n                        <th style=\"padding: 10px; border-color: rgb(0, 0, 0); border-width: 0px; border-style: none; border-radius: 0px;\">\n                            <table style=\"width: 100%; border-collapse: collapse;\" class=\"containerWrapper tbContainer\" cellpadding=\"0\" cellspacing=\"0\">\n                                <tbody>\n                                    <tr>\n                                        <th class=\"columnContainer\" style=\"min-width: 20px; width: 580px; height: 0px; padding: 0px;\" id=\"containercda77ea9aa4851712744411788\">\n                                            <table cellpadding=\"0\" cellspacing=\"0\" style=\"height: 100%;\">\n                                                <tbody>\n                                                    <tr>\n                                                        <th class=\"inner ui-sortable\" style=\"min-width: 20px; padding: 10px; vertical-align: top; word-wrap: break-word; word-break: break-word; word-wrap: break-word; word-break: break-word; background-color: rgba(0, 0, 0, 0); border-color: rgb(0, 0, 0); border-width: 0px; border-style: none; border-radius: 0px; font-weight: normal;\">\n                                                                <div style=\"margin: 10px; padding: 0px;\"><div class=\"imageWrapper\"><img src=\"https://assets-usa.mkt.dynamics.com/952476d5-de9b-ee11-be32-6045bd00312b/digitalassets/images/c3cd35b2-23f7-ee11-a1fd-000d3a3308bb?ts=638483411303977573\" style=\"max-height: 100%; max-width: 100%; box-sizing: border-box; display: block; border-radius: 0px; width: 601px; height: 186px;\"></div></div><div style=\"margin: 10px;\">\n                                                            <div style=\"margin: 10px;\">\n                                                                <table class=\"Table\" style=\"width:600px; background:#f7f6fc\">\n                                                                    <tbody>\n                                                                        <tr>\n                                                                            <td style=\"padding:0cm 0cm 0cm 0cm; background-color:#f7f6fc\">\n                                                                                <p><span style=\"font-family:Segoe UI,Frutiger,Helvetica Neue,Arial,sans-serif\"><span style=\"font-size:13px\"><span style=\"color:black\">Dear <strong>@{outputs('Get_owner_ID_from_user_table')?['body/fullname']}</strong>,</span></span></span></p>\n                                                                                <br>\n                                                                                <p><span style=\"font-family:Segoe UI,Frutiger,Helvetica Neue,Arial,sans-serif\"><span style=\"font-size:13px\"></span></span></p>\n                                                                                <ul>\n                                                                                    <li><span style=\"font-family:Segoe UI,Frutiger,Helvetica Neue,Arial,sans-serif\"><span style=\"font-size:13px\"><strong>Ticket ID:</strong>@{triggerBody()?['crd25_col_ticketid']}</span></span></li>\n                                                                                    <li><span style=\"font-family:Segoe UI,Frutiger,Helvetica Neue,Arial,sans-serif\"><span style=\"font-size:13px\"><strong>Title:</strong> @{triggerBody()?['ey_title']}</span></span></li>\n                                                                                    <li><span style=\"font-family:Segoe UI,Frutiger,Helvetica Neue,Arial,sans-serif\"><span style=\"font-size:13px\"><strong>Description:</strong> @{triggerBody()?['crd25_col_ticketdescription']}</span></span></li>\n                                                                                </ul>\n                                                                                <br>\n                                                                                <p><span style=\"font-family:Segoe UI,Frutiger,Helvetica Neue,Arial,sans-serif\"><span style=\"font-size:13px\">\nYou can see this record in the following <a href=\"@{parameters('Environment Link (eyf_EnvLink)')}=@{triggerBody()?['crd25_tbl_servicecasemanagementid']}\">LINK</a>. If you have any further questions or if the issue persists, please do not hesitate to reach out to us. We are here to help!\n</span></span></p>\n                                                                                <br>\n                                                                                <p><span style=\"font-family:Segoe UI,Frutiger,Helvetica Neue,Arial,sans-serif\"><span style=\"font-size:13px\">Thank you for your patience!</span></span></p>\n                                                                                <br>\n                                                                                <p><span style=\"font-size:11pt\"><span style=\"font-family:Calibri,sans-serif\"><span style=\"font-size:9.0pt\"><span style=\"font-family:&quot;EYInterstate Light&quot;\"><span style=\"color:black\"><strong><span style=\"font-family:&quot;EYInterstate Light&quot;\">Thank you for your cooperation.</span></strong><br><b><strong><span style=\"font-family:&quot;EYInterstate Light&quot;\">EY Fabric Team </span></strong></b></span></span></span></span></span></p>\n                                                                            </td>\n                                                                        </tr>\n                                                                    </tbody>\n                                                                </table>\n                                                            </div>\n                                                        </div></th>\n                                                    </tr>\n                                                </tbody>\n                                            </table>\n                                        </th>\n                                    </tr>\n                                </tbody>\n                            </table>\n                        </th>\n                    </tr>\n                </tbody>\n            </table>\n        </div>\n    </div>\n\t\t\t\n",
                  "emailMessage/Importance": "Normal"
                },
                "authentication": "@parameters('$authentication')"
              }
            },
            "Get_owner_ID_from_user_table": {
              "runAfter": {},
              "metadata": {
                "operationMetadataId": "8c5cb933-2d84-431e-94e1-000256b96890"
              },
              "type": "OpenApiConnection",
              "inputs": {
                "parameters": {
                  "entityName": "systemusers",
                  "recordId": "@triggerBody()?['_ownerid_value']"
                },
                "host": {
                  "connectionName": "shared_commondataserviceforapps-1",
                  "operationId": "GetItem",
                  "apiId": "/providers/Microsoft.PowerApps/apis/shared_commondataserviceforapps"
                }
              }
            }
          },
          "runAfter": {},
          "else": {
            "actions": {
              "Terminate": {
                "runAfter": {},
                "metadata": {
                  "operationMetadataId": "484033e4-f3d0-4ce2-9be8-58ddcd7eec7a"
                },
                "type": "Terminate",
                "inputs": {
                  "runStatus": "Succeeded"
                }
              }
            }
          },
          "expression": {
            "and": [
              {
                "equals": [
                  "@triggerBody()?['ey_status']",
                  122280003
                ]
              }
            ]
          },
          "metadata": {
            "operationMetadataId": "1d322950-416f-4e90-b172-153385c2913a"
          },
          "type": "If"
        }
      }
    },
    "templateName": ""
  },
  "schemaVersion": "1.0.0.0"
}