{
  "properties": {
    "connectionReferences": {
      "shared_commondataserviceforapps": {
        "api": {
          "name": "shared_commondataserviceforapps"
        },
        "connection": {
          "connectionReferenceLogicalName": "eyf_sharedcommondataserviceforapps_d1561"
        },
        "runtimeSource": "embedded"
      },
      "shared_office365": {
        "api": {
          "name": "shared_office365"
        },
        "connection": {
          "connectionReferenceLogicalName": "eyf_sharedoffice365_9ad52"
        },
        "runtimeSource": "embedded"
      },
      "shared_teams-2": {
        "api": {
          "name": "shared_teams"
        },
        "connection": {
          "connectionReferenceLogicalName": "new_sharedteams_2cb0c"
        },
        "runtimeSource": "embedded"
      },
      "shared_teams": {
        "api": {
          "name": "shared_teams"
        },
        "connection": {
          "connectionReferenceLogicalName": "eyf_sharedteams_3ed4a"
        },
        "runtimeSource": "embedded"
      }
    },
    "definition": {
      "$schema": "https://schema.management.azure.com/providers/Microsoft.Logic/schemas/2016-06-01/workflowdefinition.json#",
      "contentVersion": "1.0.0.0",
      "parameters": {
        "$authentication": {
          "defaultValue": {},
          "type": "SecureObject"
        },
        "$connections": {
          "defaultValue": {},
          "type": "Object"
        },
        "Environment Link (eyf_EnvLink)": {
          "defaultValue": "https://fabricacrm-dev.crm.dynamics.com/main.aspx?appid=e18df015-7a76-ef11-a670-0022480c55cb&pagetype=entityrecord&etn=crd25_tbl_servicecasemanagement&id=",
          "type": "String",
          "metadata": {
            "schemaName": "eyf_EnvLink",
            "description": "Environment Link"
          }
        }
      },
      "triggers": {
        "When_a_row_is_added,_modified_or_deleted": {
          "type": "OpenApiConnectionWebhook",
          "inputs": {
            "parameters": {
              "subscriptionRequest/message": 1,
              "subscriptionRequest/entityname": "crd25_tbl_servicecasemanagement",
              "subscriptionRequest/scope": 4,
              "subscriptionRequest/name": "5ad47ba5-c375-ef11-a670-000d3a344321"
            },
            "host": {
              "apiId": "/providers/Microsoft.PowerApps/apis/shared_commondataserviceforapps",
              "operationId": "SubscribeWebhookTrigger",
              "connectionName": "shared_commondataserviceforapps"
            }
          },
          "metadata": {
            "operationMetadataId": "07ecb5bb-6a50-478b-9f25-1a97df050c64"
          }
        }
      },
      "actions": {
        "Send_an_email_(V2)": {
          "type": "OpenApiConnection",
          "inputs": {
            "parameters": {
              "emailMessage/To": "@outputs('Get_a_row_by_ID_4')?['body/internalemailaddress']",
              "emailMessage/Subject": "Ticket Confirmation - @{triggerOutputs()?['body/crd25_col_ticketid']}",
              "emailMessage/Body": "\n            <meta>\n            <meta>\n            <title>My Email Subject</title>\n            <meta>\n            <meta>\n            <meta>\n            <meta>\n            <meta>\n            <meta>\n            <meta>\n            <meta>\n            <meta>\n            <meta>\n            <style>\n                body {\n                    font-family: Arial, Verdana, sans-serif;\n                    font-size: 14px;\n                    color: #000;\n                    background-color: #fff;\n                }\np {\n    font-family: Arial, Verdana, sans-serif;\n    font-size: 14px;\n    color: #000;\n    line-height: inherit;\n    font-weight: normal;\n    text-align: left;\n    word-wrap: break-word; /* Asegura que las palabras largas se rompan y pasen a la siguiente línea */\n    max-width: 580px; /* Establece un ancho máximo para el párrafo */\n}\n                h1 {\n                    color: #000;\n                    font-size: 34px;\n                    font-weight: normal;\n                    font-family: Verdana, Arial, sans-serif;\n                    line-height: inherit;\n                    text-align: left;\n                    margin: 0px;\n                }\n\n                h2 {\n                    color: #333;\n                    font-size: 24px;\n                    font-weight: normal;\n                    font-family: sans-serif;\n                    line-height: inherit;\n                    text-align: left;\n                    margin: 0px;\n                }\n\n                h3 {\n                    color: #000;\n                    font-size: 16px;\n                    font-weight: normal;\n                    font-family: Verdana, Arial, sans-serif;\n                    line-height: inherit;\n                    text-align: left;\n                    margin: 0px;\n                }\n\n                a {\n                    font-family: Arial, Verdana, sans-serif;\n                    font-size: inherit;\n                    font-weight: normal;\n                    color: #0082dd;\n                    text-decoration: none;\n                }\n\n                .buttonWrapper {\n                    margin: 10px 0px;\n                }\n\n                .buttonClass {\n                    font-family: Arial, Verdana, sans-serif;\n                    font-size: 16px;\n                    font-weight: normal;\n                    border-radius: 4px;\n                    color: white;\n                    border: none;\n                    background-color: rgb(7, 66, 171);\n                    padding: 10px 20px;\n                    text-decoration: none;\n                }\n\n                .buttonClass span {\n                    font-family: inherit;\n                    text-decoration: inherit;\n                }\n\n                .divider {\n                    border-top: 2px solid silver;\n                    margin: 10px 0px;\n                    width: 100%;\n                }\n\n                div div {\n                    background-color: transparent;\n                }\n\n                [data-layout=\"true\"] {\n                    border: none;\n                    margin: 0 auto;\n                    background-color: rgb(255, 255, 255);\n                    max-width: /* @layout-max-width */ 600px /* @layout-max-width */;\n                }\n   \n            </style>\n        \n\n\n    <div style=\"max-width: 600px; margin: auto;\">\n        <div class=\"columns-equal-class wrap-section\" style=\"margin: 0px; border-radius: 0px;\">\n            <table class=\"outer\" cellpadding=\"0\" cellspacing=\"0\" style=\"border-collapse: collapse; width: 600px; display: block;\">\n                <tbody>\n                    <tr>\n                        <th style=\"padding: 10px; border-color: rgb(0, 0, 0); border-width: 0px; border-style: none; border-radius: 0px;\">\n                            <table style=\"width: 100%; border-collapse: collapse;\" class=\"containerWrapper tbContainer\" cellpadding=\"0\" cellspacing=\"0\">\n                                <tbody>\n                                    <tr>\n                                        <th class=\"columnContainer\" style=\"min-width: 20px; width: 580px; height: 0px; padding: 0px;\" id=\"containercda77ea9aa4851712744411788\">\n                                            <table cellpadding=\"0\" cellspacing=\"0\" style=\"height: 100%;\">\n                                                <tbody>\n                                                    <tr>\n                                                        <th class=\"inner ui-sortable\" style=\"min-width: 20px; padding: 10px; vertical-align: top; word-wrap: break-word; word-break: break-word; word-wrap: break-word; word-break: break-word; background-color: rgba(0, 0, 0, 0); border-color: rgb(0, 0, 0); border-width: 0px; border-style: none; border-radius: 0px; font-weight: normal;\">\n                                                                <div style=\"margin: 10px; padding: 0px;\"><div class=\"imageWrapper\"><img src=\"https://assets-usa.mkt.dynamics.com/952476d5-de9b-ee11-be32-6045bd00312b/digitalassets/images/c3cd35b2-23f7-ee11-a1fd-000d3a3308bb?ts=638483411303977573\" style=\"max-height: 100%; max-width: 100%; box-sizing: border-box; display: block; border-radius: 0px; width: 601px; height: 186px;\"></div></div><div style=\"margin: 10px;\">\n                                                            <div style=\"margin: 10px;\">\n                                                                <table class=\"Table\" style=\"width:600px; background:#f7f6fc\">\n                                                                    <tbody>\n                                                                        <tr>\n                                                                            <td style=\"padding:0cm 0cm 0cm 0cm; background-color:#f7f6fc\">\n                                                                                <p><span style=\"font-family:Segoe UI,Frutiger,Helvetica Neue,Arial,sans-serif\"><span style=\"font-size:13px\"><span style=\"color:black\">Dear <strong>@{outputs('Get_a_row_by_ID_4')?['body/fullname']}</strong>,</span></span></span></p>\n                                                                                <br>\n                                                                                <p><span style=\"font-family:Segoe UI,Frutiger,Helvetica Neue,Arial,sans-serif\"><span style=\"font-size:13px\">Thank you for reaching out to us! We have successfully received your ticket. Below are the details of your submission:</span></span></p>\n                                                                                <ul>\n                                                                                    <li><span style=\"font-family:Segoe UI,Frutiger,Helvetica Neue,Arial,sans-serif\"><span style=\"font-size:13px\"><strong>Ticket ID:</strong> @{triggerOutputs()?['body/crd25_col_ticketid']}</span></span></li>\n                                                                                    <li><span style=\"font-family:Segoe UI,Frutiger,Helvetica Neue,Arial,sans-serif\"><span style=\"font-size:13px\"><strong>Title:</strong> @{triggerOutputs()?['body/ey_title']}</span></span></li>\n \n                                                          </ul>\n                                                                                <br>\n                                                                                <p><span style=\"font-family:Segoe UI,Frutiger,Helvetica Neue,Arial,sans-serif\"><span style=\"font-size:13px\">Our support team will review your request and get back to you as soon as possible. If you have any additional information to provide or if you need to update your ticket, please feel free to reply to this email.</span></span></p>\n                                                                                <br>\n                                                                                <p><span style=\"font-family:Segoe UI,Frutiger,Helvetica Neue,Arial,sans-serif\"><span style=\"font-size:13px\">Thank you for your patience!</span></span></p>\n                                                                                <br>\n                                                                                <p><span style=\"font-size:11pt\"><span style=\"font-family:Calibri,sans-serif\"><span style=\"font-size:9.0pt\"><span style=\"font-family:&quot;EYInterstate Light&quot;\"><span style=\"color:black\"><strong><span style=\"font-family:&quot;EYInterstate Light&quot;\">Thank You,</span></strong><br><b><strong><span style=\"font-family:&quot;EYInterstate Light&quot;\">EY Fabric Team </span></strong></b></span></span></span></span></span></p>\n                                                                            </td>\n                                                                        </tr>\n                                                                    </tbody>\n                                                                </table>\n                                                            </div>\n                                                        </div></th>\n                                                    </tr>\n                                                </tbody>\n                                            </table>\n                                        </th>\n                                    </tr>\n                                </tbody>\n                            </table>\n                        </th>\n                    </tr>\n                </tbody>\n            </table>\n        </div>\n    </div>\n\t\t\t\n",
              "emailMessage/Importance": "Normal"
            },
            "host": {
              "apiId": "/providers/Microsoft.PowerApps/apis/shared_office365",
              "operationId": "SendEmailV2",
              "connectionName": "shared_office365"
            }
          },
          "runAfter": {
            "Condition_to_validate_Category_type_License_Request": [
              "Succeeded"
            ]
          },
          "metadata": {
            "operationMetadataId": "e8e319c3-1020-4535-8e4d-192e7a45ff24"
          }
        },
        "Get_a_row_by_ID_4": {
          "type": "OpenApiConnection",
          "inputs": {
            "parameters": {
              "entityName": "systemusers",
              "recordId": "@triggerOutputs()?['body/_ownerid_value']"
            },
            "host": {
              "apiId": "/providers/Microsoft.PowerApps/apis/shared_commondataserviceforapps",
              "operationId": "GetItem",
              "connectionName": "shared_commondataserviceforapps"
            }
          },
          "runAfter": {},
          "metadata": {
            "operationMetadataId": "54928ba7-8915-4b83-838b-d68cb0c9df6f"
          }
        },
        "Update_a_row": {
          "type": "OpenApiConnection",
          "inputs": {
            "parameters": {
              "entityName": "crd25_tbl_servicecasemanagements",
              "recordId": "@triggerOutputs()?['body/crd25_tbl_servicecasemanagementid']",
              "item/crd25_col_authoremail": "@outputs('Get_a_row_by_ID_4')?['body/internalemailaddress']",
              "item/crd25_col_authorname": "@outputs('Get_a_row_by_ID_4')?['body/fullname']"
            },
            "host": {
              "apiId": "/providers/Microsoft.PowerApps/apis/shared_commondataserviceforapps",
              "operationId": "UpdateRecord",
              "connectionName": "shared_commondataserviceforapps"
            }
          },
          "runAfter": {
            "Get_a_row_by_ID_4": [
              "Succeeded"
            ]
          },
          "metadata": {
            "operationMetadataId": "1c5a8e2e-1d7f-41b4-9520-29eb1ad6734c"
          }
        },
        "Condition_to_validate_Category_type_License_Request": {
          "type": "If",
          "expression": {
            "and": [
              {
                "equals": [
                  "@triggerBody()?['_ey_type_value']",
                  "33cc43ed-8c76-ef11-a670-0022480c55cb"
                ]
              }
            ]
          },
          "actions": {
            "Send_an_email_to_team_for_licence_request": {
              "type": "OpenApiConnection",
              "inputs": {
                "parameters": {
                  "emailMessage/To": "Juan.Sebastian.Solarte.Alegria@ey.com;Kalaiselvi.Kuppusamy@ey.com;Ivan.Pace@gds.ey.com;Pawani.Kumari@ey.com;Pushpakala.P@gds.ey.com",
                  "emailMessage/Subject": "EY Fabric Ticket Management Tool - New ticket submitted @{triggerOutputs()?['body/crd25_col_ticketid']}",
                  "emailMessage/Body": "<p class=\"editor-paragraph\">Hi Team,<br><br>A new ticket has been created by @{outputs('Get_a_row_by_ID_4')?['body/fullname']} (@{outputs('Get_a_row_by_ID_4')?['body/internalemailaddress']}) :<br><br>Ticket Number:@{triggerOutputs()?['body/crd25_col_ticketid']}<br><br>License Request:<br><br>Email: @{outputs('Update_a_row')?['body/eyf_useremail']}<br><br>Description: @{triggerBody()?['crd25_col_ticketdescription']}<br><br>You can see this record in the following &lt;a href=\"@{parameters('Environment Link (eyf_EnvLink)')}=@{triggerBody()?['crd25_tbl_servicecasemanagementid']}\"&gt;LINK&lt;/a&gt;<br><br>Regards<br><br>EY Fabric Support Team</p>",
                  "emailMessage/Importance": "Normal"
                },
                "host": {
                  "apiId": "/providers/Microsoft.PowerApps/apis/shared_office365",
                  "operationId": "SendEmailV2",
                  "connectionName": "shared_office365"
                }
              },
              "metadata": {
                "operationMetadataId": "0fe4b0ac-d964-47c4-ab58-85d24fece32c"
              }
            },
            "Post_message_to_team_for_License_Request": {
              "type": "OpenApiConnection",
              "inputs": {
                "parameters": {
                  "poster": "Flow bot",
                  "location": "Group chat",
                  "body/recipient": "19:fd08076317094f6fae70fa63fdf9ff13@thread.v2",
                  "body/messageBody": "<p>Hi Team,<br>\n<br>\nA new ticket has been created by @{outputs('Get_a_row_by_ID_4')?['body/fullname']} (@{outputs('Get_a_row_by_ID_4')?['body/internalemailaddress']}) :<br>\n<br>\n<strong>Ticket Number</strong>:@{triggerOutputs()?['body/crd25_col_ticketid']}<br>\n<br>\n<strong>License Request</strong>: <br>\n<br>\n<strong>Email</strong>: @{outputs('Update_a_row')?['body/eyf_useremail']}<br>\n<br>\nYou can see this record in the following <a href=\"\">LINK</a><br>\n<br>\nRegards<br>\n<br>\nEY Fabric Support Team</p>"
                },
                "host": {
                  "apiId": "/providers/Microsoft.PowerApps/apis/shared_teams",
                  "operationId": "PostMessageToConversation",
                  "connectionName": "shared_teams-2"
                }
              },
              "runAfter": {
                "Send_an_email_to_team_for_licence_request": [
                  "Succeeded"
                ]
              },
              "metadata": {
                "operationMetadataId": "366c3048-26e9-46aa-bcac-7d8c5e03768e"
              }
            }
          },
          "else": {
            "actions": {
              "Condition_to_validate_Category_type_Enhancement": {
                "type": "If",
                "expression": {
                  "equals": [
                    "@triggerOutputs()?['body/_ey_type_value']",
                    "5a71da76-a171-ef11-a671-6045bd073fc6"
                  ]
                },
                "actions": {
                  "Get_a_row_by_ID_5": {
                    "type": "OpenApiConnection",
                    "inputs": {
                      "parameters": {
                        "entityName": "ey_tickettypechoices",
                        "recordId": "@triggerOutputs()?['body/_ey_type_value']"
                      },
                      "host": {
                        "apiId": "/providers/Microsoft.PowerApps/apis/shared_commondataserviceforapps",
                        "operationId": "GetItem",
                        "connectionName": "shared_commondataserviceforapps"
                      }
                    },
                    "metadata": {
                      "operationMetadataId": "cf9bada4-4e8d-4215-8d58-d886410157a1"
                    }
                  },
                  "Send_an_email_(V2)_4": {
                    "type": "OpenApiConnection",
                    "inputs": {
                      "parameters": {
                        "emailMessage/To": "Juan.Sebastian.Solarte.Alegria@ey.com;Kalaiselvi.Kuppusamy@ey.com;Ivan.Pace@gds.ey.com;Pawani.Kumari@ey.com;Pushpakala.P@gds.ey.com",
                        "emailMessage/Subject": "EY Fabric Ticket Management Tool - New ticket submitted @{triggerOutputs()?['body/crd25_col_ticketid']}",
                        "emailMessage/Body": "<p class=\"editor-paragraph\">Hi Team,<br><br>A new ticket has been created by @{outputs('Get_a_row_by_ID_4')?['body/fullname']} (@{outputs('Get_a_row_by_ID_4')?['body/internalemailaddress']}) :<br><br><br>Ticket Number:@{triggerOutputs()?['body/crd25_col_ticketid']}<br><br>Title : @{triggerOutputs()?['body/ey_title']}<br><br>Description: @{triggerOutputs()?['body/crd25_col_ticketdescription']}<br><br>You can see this record in the following &lt;a href=\"@{parameters('Environment Link (eyf_EnvLink)')}=@{triggerBody()?['crd25_tbl_servicecasemanagementid']}\"&gt;LINK&lt;/a&gt;<br><br>Regards<br><br>EY Fabric Support Team</p>",
                        "emailMessage/Importance": "Normal"
                      },
                      "host": {
                        "apiId": "/providers/Microsoft.PowerApps/apis/shared_office365",
                        "operationId": "SendEmailV2",
                        "connectionName": "shared_office365"
                      }
                    },
                    "runAfter": {
                      "Get_a_row_by_ID_5": [
                        "Succeeded"
                      ]
                    },
                    "metadata": {
                      "operationMetadataId": "0fe4b0ac-d964-47c4-ab58-85d24fece32c"
                    }
                  },
                  "Post_message_in_a_chat_or_channel_3": {
                    "type": "OpenApiConnection",
                    "inputs": {
                      "parameters": {
                        "poster": "Flow bot",
                        "location": "Group chat",
                        "body/recipient": "19:fd08076317094f6fae70fa63fdf9ff13@thread.v2",
                        "body/messageBody": "<p>Hi Team,<br>\n<br>\nA new ticket has been created by @{outputs('Get_a_row_by_ID_4')?['body/fullname']} (@{outputs('Get_a_row_by_ID_4')?['body/internalemailaddress']}) :<br>\n<br>\n<br>\n<strong>Ticket Number</strong>:@{triggerOutputs()?['body/crd25_col_ticketid']}<br>\n<br>\n<strong>Title </strong>: @{triggerOutputs()?['body/ey_title']}<br>\n<br>\n<strong>Description</strong>: @{triggerOutputs()?['body/crd25_col_ticketdescription']}<br>\n<br>\n<strong>Module</strong>: <br>\n<br>\nYou can see this record in the following <a href=\"\">LINK</a><br>\n<br>\nRegards<br>\n<br>\nEY Fabric Support Team</p>"
                      },
                      "host": {
                        "apiId": "/providers/Microsoft.PowerApps/apis/shared_teams",
                        "operationId": "PostMessageToConversation",
                        "connectionName": "shared_teams-2"
                      }
                    },
                    "runAfter": {
                      "Send_an_email_(V2)_4": [
                        "Succeeded"
                      ]
                    },
                    "metadata": {
                      "operationMetadataId": "366c3048-26e9-46aa-bcac-7d8c5e03768e"
                    }
                  }
                },
                "else": {
                  "actions": {
                    "Get_a_row_by_ID": {
                      "type": "OpenApiConnection",
                      "inputs": {
                        "parameters": {
                          "entityName": "ey_ticketseveritychoices",
                          "recordId": "@triggerOutputs()?['body/_ey_col_ticketsevchoice_value']"
                        },
                        "host": {
                          "apiId": "/providers/Microsoft.PowerApps/apis/shared_commondataserviceforapps",
                          "operationId": "GetItem",
                          "connectionName": "shared_commondataserviceforapps"
                        }
                      },
                      "metadata": {
                        "operationMetadataId": "3a9488db-8fb9-430b-923c-71e7930978b2"
                      }
                    },
                    "Get_a_row_by_ID_2": {
                      "type": "OpenApiConnection",
                      "inputs": {
                        "parameters": {
                          "entityName": "ey_tickettypechoices",
                          "recordId": "@triggerOutputs()?['body/_ey_type_value']"
                        },
                        "host": {
                          "apiId": "/providers/Microsoft.PowerApps/apis/shared_commondataserviceforapps",
                          "operationId": "GetItem",
                          "connectionName": "shared_commondataserviceforapps"
                        }
                      },
                      "runAfter": {
                        "Get_a_row_by_ID": [
                          "Succeeded"
                        ]
                      },
                      "metadata": {
                        "operationMetadataId": "cf9bada4-4e8d-4215-8d58-d886410157a1"
                      }
                    },
                    "Send_an_email_(V2)_2": {
                      "type": "OpenApiConnection",
                      "inputs": {
                        "parameters": {
                          "emailMessage/To": "Juan.Sebastian.Solarte.Alegria@ey.com;Kalaiselvi.Kuppusamy@ey.com;Ivan.Pace@gds.ey.com;Pawani.Kumari@ey.com;Pushpakala.P@gds.ey.com",
                          "emailMessage/Subject": "EY Fabric Ticket Management Tool - New ticket submitted @{triggerOutputs()?['body/crd25_col_ticketid']}",
                          "emailMessage/Body": "<p class=\"editor-paragraph\">Hi Team,<br><br>A new ticket has been created by @{outputs('Get_a_row_by_ID_4')?['body/fullname']} (@{outputs('Get_a_row_by_ID_4')?['body/internalemailaddress']}) :<br><br><br>Ticket Number:@{triggerOutputs()?['body/crd25_col_ticketid']}<br><br>Title : @{triggerOutputs()?['body/ey_title']}<br><br>Description: @{triggerOutputs()?['body/crd25_col_ticketdescription']}</p><br><p class=\"editor-paragraph\">Severity: @{outputs('Get_a_row_by_ID')?['body/ey_name']}<br><br>You can see this record in the following &lt;a href=\"@{parameters('Environment Link (eyf_EnvLink)')}=@{triggerOutputs()?['body/crd25_tbl_servicecasemanagementid']}\"&gt;LINK&lt;/a&gt;<br><br>Regards<br><br>EY Fabric Support Team</p>",
                          "emailMessage/Importance": "Normal"
                        },
                        "host": {
                          "apiId": "/providers/Microsoft.PowerApps/apis/shared_office365",
                          "operationId": "SendEmailV2",
                          "connectionName": "shared_office365"
                        }
                      },
                      "runAfter": {
                        "Get_a_row_by_ID_2": [
                          "Succeeded"
                        ]
                      },
                      "metadata": {
                        "operationMetadataId": "0fe4b0ac-d964-47c4-ab58-85d24fece32c"
                      }
                    },
                    "Post_message_in_a_chat_or_channel": {
                      "type": "OpenApiConnection",
                      "inputs": {
                        "parameters": {
                          "poster": "Flow bot",
                          "location": "Group chat",
                          "body/recipient": "19:fd08076317094f6fae70fa63fdf9ff13@thread.v2",
                          "body/messageBody": "<p>Hi Team,<br>\n<br>\nA new ticket has been created by @{outputs('Get_a_row_by_ID_4')?['body/fullname']} (@{outputs('Get_a_row_by_ID_4')?['body/internalemailaddress']}) :<br>\n<br>\n<strong>Ticket Number</strong>:@{triggerOutputs()?['body/crd25_col_ticketid']}<br>\n<br>\n<strong>Title </strong>: @{triggerOutputs()?['body/ey_title']}<br>\n<br>\n<strong>Description</strong>: @{triggerOutputs()?['body/crd25_col_ticketdescription']}<br>\n<br>\n<strong>Module</strong>: <br>\n<br>\n<strong>Severity</strong>: @{outputs('Get_a_row_by_ID')?['body/ey_name']}<br>\n<br>\nYou can see this record in the following <a href=\"\">LINK</a><br>\n<br>\nRegards<br>\n<br>\nEY Fabric Support Team</p>"
                        },
                        "host": {
                          "apiId": "/providers/Microsoft.PowerApps/apis/shared_teams",
                          "operationId": "PostMessageToConversation",
                          "connectionName": "shared_teams"
                        }
                      },
                      "runAfter": {
                        "Send_an_email_(V2)_2": [
                          "Succeeded"
                        ]
                      },
                      "metadata": {
                        "operationMetadataId": "366c3048-26e9-46aa-bcac-7d8c5e03768e"
                      }
                    }
                  }
                },
                "metadata": {
                  "operationMetadataId": "70bbce5b-731d-4f37-93c5-a7999a30573d"
                }
              }
            }
          },
          "runAfter": {
            "Update_a_row": [
              "Succeeded"
            ]
          },
          "metadata": {
            "operationMetadataId": "f27c1c4a-4528-48ad-93f1-746f83c23b21"
          }
        }
      }
    },
    "templateName": null
  },
  "schemaVersion": "1.0.0.0"
}