{
  "properties": {
    "connectionReferences": {
      "shared_azuread": {
        "runtimeSource": "embedded",
        "connection": {
          "connectionReferenceLogicalName": "new_sharedazuread_7ab62"
        },
        "api": {
          "name": "shared_azuread"
        }
      },
      "shared_commondataserviceforapps": {
        "impersonation": {},
        "runtimeSource": "embedded",
        "connection": {
          "connectionReferenceLogicalName": "new_sharedcommondataserviceforapps_5b3f4"
        },
        "api": {
          "name": "shared_commondataserviceforapps"
        }
      }
    },
    "definition": {
      "$schema": "https://schema.management.azure.com/providers/Microsoft.Logic/schemas/2016-06-01/workflowdefinition.json#",
      "contentVersion": "1.0.0.0",
      "parameters": {
        "$connections": {
          "defaultValue": {},
          "type": "Object"
        },
        "$authentication": {
          "defaultValue": {},
          "type": "SecureObject"
        }
      },
      "triggers": {
        "When_a_row_is_added,_modified_or_deleted": {
          "metadata": {
            "operationMetadataId": "cb0470db-39cc-4a32-8da8-a793be1dde66"
          },
          "type": "OpenApiConnectionWebhook",
          "inputs": {
            "host": {
              "connectionName": "shared_commondataserviceforapps",
              "operationId": "SubscribeWebhookTrigger",
              "apiId": "/providers/Microsoft.PowerApps/apis/shared_commondataserviceforapps"
            },
            "parameters": {
              "subscriptionRequest/message": 1,
              "subscriptionRequest/entityname": "eyf_useraccesstracker",
              "subscriptionRequest/scope": 4
            },
            "authentication": "@parameters('$authentication')"
          }
        }
      },
      "actions": {
        "Get_user": {
          "runAfter": {
            "Get_a_row_by_ID": [
              "Succeeded"
            ]
          },
          "metadata": {
            "operationMetadataId": "02dd5ee9-6d10-4a5f-af71-8697781b1dd0"
          },
          "type": "OpenApiConnection",
          "inputs": {
            "host": {
              "connectionName": "shared_azuread",
              "operationId": "GetUser",
              "apiId": "/providers/Microsoft.PowerApps/apis/shared_azuread"
            },
            "parameters": {
              "id": "@triggerOutputs()?['body/_eyf_user_value']"
            },
            "authentication": "@parameters('$authentication')"
          }
        },
        "GetUsers(ListRows)": {
          "runAfter": {
            "Update_a_row": [
              "Succeeded"
            ]
          },
          "metadata": {
            "operationMetadataId": "9e2a64cd-014c-4b87-a60e-93549532780a"
          },
          "type": "OpenApiConnection",
          "inputs": {
            "host": {
              "connectionName": "shared_commondataserviceforapps",
              "operationId": "ListRecords",
              "apiId": "/providers/Microsoft.PowerApps/apis/shared_commondataserviceforapps"
            },
            "parameters": {
              "entityName": "systemusers",
              "fetchXml": "<fetch version=\"1.0\" mapping=\"logical\" no-lock=\"false\" distinct=\"true\">\n<entity name=\"systemuser\">\n<attribute name=\"SystemUserId\"/>\n<attribute name=\"internalemailaddress\"/>\n<filter type=\"and\">\n<condition attribute=\"internalemailaddress\" operator=\"eq\" value=\"@{toLower(outputs('Get_user')?['body/mail'])}\"/>\n</filter>\n\n</entity>\n</fetch>"
            },
            "authentication": "@parameters('$authentication')"
          }
        },
        "Exist_the_user_in_User_table": {
          "actions": {
            "Add_a_new_user_to_Users_table": {
              "runAfter": {},
              "metadata": {
                "operationMetadataId": "386c078a-538d-4e36-a5f3-485bf9d674cb"
              },
              "type": "OpenApiConnection",
              "inputs": {
                "host": {
                  "connectionName": "shared_commondataserviceforapps",
                  "operationId": "CreateRecord",
                  "apiId": "/providers/Microsoft.PowerApps/apis/shared_commondataserviceforapps"
                },
                "parameters": {
                  "entityName": "systemusers",
                  "item/msdyn_botprovider": 192350002,
                  "item/msdyn_isexpertenabledforswarm": false,
                  "item/firstname": "@outputs('Get_user')?['body/givenName']",
                  "item/invitestatuscode": 4,
                  "item/lastname": "@outputs('Get_user')?['body/surname']",
                  "item/internalemailaddress": "@outputs('Get_user')?['body/mail']"
                },
                "authentication": "@parameters('$authentication')"
              }
            }
          },
          "runAfter": {
            "GetUsers(ListRows)": [
              "Succeeded"
            ]
          },
          "expression": {
            "equals": [
              "@empty(outputs('GetUsers(ListRows)')?['body/value'])",
              "@true"
            ]
          },
          "metadata": {
            "operationMetadataId": "0f8519c7-0962-4bf9-932b-4ee8b5966534"
          },
          "type": "If"
        },
        "Update_a_row": {
          "runAfter": {
            "Get_user": [
              "Succeeded"
            ]
          },
          "metadata": {
            "operationMetadataId": "9b00df07-eb92-4de0-b3a0-cd4757568230"
          },
          "type": "OpenApiConnection",
          "inputs": {
            "host": {
              "connectionName": "shared_commondataserviceforapps",
              "operationId": "UpdateRecord",
              "apiId": "/providers/Microsoft.PowerApps/apis/shared_commondataserviceforapps"
            },
            "parameters": {
              "entityName": "eyf_useraccesstrackers",
              "recordId": "@triggerOutputs()?['body/eyf_useraccesstrackerid']",
              "item/eyf_email": "@outputs('Get_user')?['body/mail']",
              "item/eyf_fullname": "@{outputs('Get_user')?['body/givenName']} @{outputs('Get_user')?['body/surname']}"
            },
            "authentication": "@parameters('$authentication')"
          }
        },
        "Get_a_row_by_ID": {
          "runAfter": {
            "Initialize_variable_2": [
              "Succeeded"
            ]
          },
          "metadata": {
            "operationMetadataId": "7733703a-9481-4807-936a-50aff2e76d55"
          },
          "type": "OpenApiConnection",
          "inputs": {
            "host": {
              "connectionName": "shared_commondataserviceforapps",
              "operationId": "GetItem",
              "apiId": "/providers/Microsoft.PowerApps/apis/shared_commondataserviceforapps"
            },
            "parameters": {
              "entityName": "eyf_useraccesstrackers",
              "recordId": "@triggerOutputs()?['body/eyf_useraccesstrackerid']"
            },
            "authentication": "@parameters('$authentication')"
          }
        },
        "Initialize_variable": {
          "runAfter": {},
          "metadata": {
            "operationMetadataId": "4e59a806-7a40-44c2-8a3f-31da94c70e3c"
          },
          "type": "InitializeVariable",
          "inputs": {
            "variables": [
              {
                "name": "Team",
                "type": "string"
              }
            ]
          }
        },
        "Initialize_variable_2": {
          "runAfter": {
            "Initialize_variable": [
              "Succeeded"
            ]
          },
          "metadata": {
            "operationMetadataId": "c8034cce-31b0-49e8-b4cf-29099d056197"
          },
          "type": "InitializeVariable",
          "inputs": {
            "variables": [
              {
                "name": "SR",
                "type": "string"
              }
            ]
          }
        },
        "Is_required_Outlook_Integration_": {
          "actions": {
            "Relate_rows_assign_SR_for_Outlook_integration": {
              "runAfter": {},
              "metadata": {
                "operationMetadataId": "bc9ec4b6-1b35-4b43-bfca-e0e8c5c31ee3"
              },
              "type": "OpenApiConnection",
              "inputs": {
                "host": {
                  "connectionName": "shared_commondataserviceforapps",
                  "operationId": "AssociateEntities",
                  "apiId": "/providers/Microsoft.PowerApps/apis/shared_commondataserviceforapps"
                },
                "parameters": {
                  "entityName": "systemusers",
                  "recordId": "@outputs('Add_a_new_user_to_Users_table')?['body/systemuserid']",
                  "associationEntityRelationship": "systemuserroles_association",
                  "item/@odata.id": "https://fabricacrm-dev.crm.dynamics.com/api/data/v9.1/roles(2407db5e-edae-4e36-9be1-fd61d4d15809)"
                },
                "authentication": "@parameters('$authentication')"
              }
            }
          },
          "runAfter": {
            "Relate_rows_assign_app_Opener": [
              "Succeeded"
            ]
          },
          "expression": {
            "equals": [
              "@triggerOutputs()?['body/eyf_outlookintegration']",
              "@true"
            ]
          },
          "metadata": {
            "operationMetadataId": "3739700e-7c82-44f3-a9be-8becc7ae2115"
          },
          "type": "If"
        },
        "Define_Team": {
          "runAfter": {
            "Is_required_Outlook_Integration_": [
              "Succeeded"
            ]
          },
          "cases": {
            "Platform_Activation_Team": {
              "case": 791380000,
              "actions": {
                "Set_variable": {
                  "runAfter": {},
                  "metadata": {
                    "operationMetadataId": "e5c0c670-8090-4dca-bb67-d690b45b6628"
                  },
                  "type": "SetVariable",
                  "inputs": {
                    "name": "Team",
                    "value": "a51907c0-0ee8-ee11-904c-00224808dec2"
                  }
                }
              }
            },
            "Platform_Success_Team": {
              "case": 791380001,
              "actions": {
                "Set_variable_2": {
                  "runAfter": {},
                  "metadata": {
                    "operationMetadataId": "c6894ffe-62f8-4f3f-904d-79ae6ffe47d0"
                  },
                  "type": "SetVariable",
                  "inputs": {
                    "name": "Team",
                    "value": "f1974f4d-0fe8-ee11-904c-00224808dec2"
                  }
                }
              }
            },
            "Community_Engagement_Team": {
              "case": 791380002,
              "actions": {
                "Set_variable_3": {
                  "runAfter": {},
                  "metadata": {
                    "operationMetadataId": "98ae5827-415f-4fc1-99c7-15325d343563"
                  },
                  "type": "SetVariable",
                  "inputs": {
                    "name": "Team",
                    "value": "7fa443ea-a900-ef11-a1fd-002248048df4"
                  }
                }
              }
            }
          },
          "default": {
            "actions": {
              "Set_variable_4": {
                "runAfter": {},
                "metadata": {
                  "operationMetadataId": "d23c2048-de8b-4034-b30b-73c1dd609ca2"
                },
                "type": "SetVariable",
                "inputs": {
                  "name": "Team",
                  "value": "d0eae661-5396-ee11-be37-00224803d595"
                }
              }
            }
          },
          "expression": "@triggerOutputs()?['body/eyf_teams']",
          "metadata": {
            "operationMetadataId": "4f467531-3d39-44b3-aa20-32c1785ba2c1"
          },
          "type": "Switch"
        },
        "Relate_rows_Teams": {
          "runAfter": {
            "Define_Team": [
              "Succeeded"
            ]
          },
          "metadata": {
            "operationMetadataId": "827f6404-21c7-4017-8f60-ecc7c72fb3ff"
          },
          "type": "OpenApiConnection",
          "inputs": {
            "host": {
              "connectionName": "shared_commondataserviceforapps",
              "operationId": "AssociateEntities",
              "apiId": "/providers/Microsoft.PowerApps/apis/shared_commondataserviceforapps"
            },
            "parameters": {
              "entityName": "systemusers",
              "recordId": "@outputs('Add_a_new_user_to_Users_table')?['body/systemuserid']",
              "associationEntityRelationship": "teammembership_association",
              "item/@odata.id": "https://fabricacrm-dev.crm.dynamics.com/api/data/v9.1/teams(@{variables('Team')})"
            },
            "authentication": "@parameters('$authentication')"
          }
        },
        "Relate_rows_assign_Basic_User_SR": {
          "runAfter": {
            "Exist_the_user_in_User_table": [
              "Succeeded"
            ]
          },
          "metadata": {
            "operationMetadataId": "bc9ec4b6-1b35-4b43-bfca-e0e8c5c31ee3"
          },
          "type": "OpenApiConnection",
          "inputs": {
            "host": {
              "connectionName": "shared_commondataserviceforapps",
              "operationId": "AssociateEntities",
              "apiId": "/providers/Microsoft.PowerApps/apis/shared_commondataserviceforapps"
            },
            "parameters": {
              "entityName": "systemusers",
              "recordId": "@outputs('Add_a_new_user_to_Users_table')?['body/systemuserid']",
              "associationEntityRelationship": "systemuserroles_association",
              "item/@odata.id": "https://fabricacrm-dev.crm.dynamics.com/api/data/v9.1/roles(2befe661-5396-ee11-be37-00224803d595)"
            },
            "authentication": "@parameters('$authentication')"
          }
        },
        "Relate_rows_assign_app_Opener": {
          "runAfter": {
            "Relate_rows_assign_Basic_User_SR": [
              "Succeeded"
            ]
          },
          "metadata": {
            "operationMetadataId": "bc9ec4b6-1b35-4b43-bfca-e0e8c5c31ee3"
          },
          "type": "OpenApiConnection",
          "inputs": {
            "host": {
              "connectionName": "shared_commondataserviceforapps",
              "operationId": "AssociateEntities",
              "apiId": "/providers/Microsoft.PowerApps/apis/shared_commondataserviceforapps"
            },
            "parameters": {
              "entityName": "systemusers",
              "recordId": "@outputs('Add_a_new_user_to_Users_table')?['body/systemuserid']",
              "associationEntityRelationship": "systemuserroles_association",
              "item/@odata.id": "https://fabricacrm-dev.crm.dynamics.com/api/data/v9.1/roles(979144c2-989b-41a5-a146-6b3ea4130e8c)"
            },
            "authentication": "@parameters('$authentication')"
          }
        },
        "Define_SR": {
          "runAfter": {
            "Relate_rows_Teams": [
              "Succeeded"
            ]
          },
          "cases": {
            "Platform_Success_Manager_": {
              "case": 791380002,
              "actions": {
                "Set_variable_8": {
                  "runAfter": {},
                  "metadata": {
                    "operationMetadataId": "da1dbb35-d41f-4b7e-a7f0-8b755f408daf"
                  },
                  "type": "SetVariable",
                  "inputs": {
                    "name": "SR",
                    "value": "e8eaf39c-caec-ee11-a203-000d3a362394"
                  }
                },
                "Relate_rows_assign_SR_new_user": {
                  "runAfter": {
                    "Set_variable_8": [
                      "Succeeded"
                    ]
                  },
                  "metadata": {
                    "operationMetadataId": "bc9ec4b6-1b35-4b43-bfca-e0e8c5c31ee3"
                  },
                  "type": "OpenApiConnection",
                  "inputs": {
                    "host": {
                      "connectionName": "shared_commondataserviceforapps",
                      "operationId": "AssociateEntities",
                      "apiId": "/providers/Microsoft.PowerApps/apis/shared_commondataserviceforapps"
                    },
                    "parameters": {
                      "entityName": "systemusers",
                      "recordId": "@outputs('Add_a_new_user_to_Users_table')?['body/systemuserid']",
                      "associationEntityRelationship": "systemuserroles_association",
                      "item/@odata.id": "https://fabricacrm-dev.crm.dynamics.com/api/data/v9.1/roles(@{variables('SR')})"
                    },
                    "authentication": "@parameters('$authentication')"
                  }
                }
              }
            },
            "Community_Engagement_Manager": {
              "case": 791380003,
              "actions": {
                "Set_variable_6": {
                  "runAfter": {},
                  "metadata": {
                    "operationMetadataId": "fd1b90ad-6374-4c8c-835a-c54b7f3e3098"
                  },
                  "type": "SetVariable",
                  "inputs": {
                    "name": "SR",
                    "value": "e34de901-7f22-ef11-840a-6045bd083889"
                  }
                },
                "Relate_rows_2": {
                  "runAfter": {
                    "Set_variable_6": [
                      "Succeeded"
                    ]
                  },
                  "metadata": {
                    "operationMetadataId": "8e9f069b-2252-4a4a-b775-7375b5f39ae4"
                  },
                  "type": "OpenApiConnection",
                  "inputs": {
                    "host": {
                      "connectionName": "shared_commondataserviceforapps",
                      "operationId": "AssociateEntities",
                      "apiId": "/providers/Microsoft.PowerApps/apis/shared_commondataserviceforapps"
                    },
                    "parameters": {
                      "entityName": "systemusers",
                      "recordId": "@outputs('Add_a_new_user_to_Users_table')?['body/systemuserid']",
                      "associationEntityRelationship": "systemuserroles_association",
                      "item/@odata.id": "https://fabricacrm-dev.crm.dynamics.com/api/data/v9.1/roles(@{variables('SR')})"
                    },
                    "authentication": "@parameters('$authentication')"
                  }
                }
              }
            },
            "Product_Activation_Manager_": {
              "case": 791380004,
              "actions": {
                "Set_variable_7": {
                  "runAfter": {},
                  "metadata": {
                    "operationMetadataId": "2d85ba5c-efa4-4465-8d38-6ed25631bfe3"
                  },
                  "type": "SetVariable",
                  "inputs": {
                    "name": "SR",
                    "value": "079a9cf4-ddec-ee11-a203-000d3a362360"
                  }
                },
                "Relate_rows": {
                  "runAfter": {
                    "Set_variable_7": [
                      "Succeeded"
                    ]
                  },
                  "metadata": {
                    "operationMetadataId": "b9b9ba61-afa5-4767-b5de-d30755db7191"
                  },
                  "type": "OpenApiConnection",
                  "inputs": {
                    "host": {
                      "connectionName": "shared_commondataserviceforapps",
                      "operationId": "AssociateEntities",
                      "apiId": "/providers/Microsoft.PowerApps/apis/shared_commondataserviceforapps"
                    },
                    "parameters": {
                      "entityName": "systemusers",
                      "recordId": "@outputs('Add_a_new_user_to_Users_table')?['body/systemuserid']",
                      "associationEntityRelationship": "systemuserroles_association",
                      "item/@odata.id": "https://fabricacrm-dev.crm.dynamics.com/api/data/v9.1/roles(@{variables('SR')})"
                    },
                    "authentication": "@parameters('$authentication')"
                  }
                }
              }
            }
          },
          "default": {
            "actions": {
              "Set_variable_5": {
                "runAfter": {},
                "metadata": {
                  "operationMetadataId": "a427e0f2-3215-4148-95cb-036e96344c47"
                },
                "type": "SetVariable",
                "inputs": {
                  "name": "SR",
                  "value": "5eae661-5396-ee11-be37-00224803d595"
                }
              },
              "Set_variable_9": {
                "runAfter": {
                  "Relate_rows_3": [
                    "Succeeded"
                  ]
                },
                "metadata": {
                  "operationMetadataId": "4f917e4e-bd7b-4020-96fd-319f277bf81b"
                },
                "type": "SetVariable",
                "inputs": {
                  "name": "SR",
                  "value": "2defe661-5396-ee11-be37-00224803d595"
                }
              },
              "Relate_rows_3": {
                "runAfter": {
                  "Set_variable_5": [
                    "Succeeded"
                  ]
                },
                "metadata": {
                  "operationMetadataId": "4c600168-6834-4ab1-84d4-ac166089da4f"
                },
                "type": "OpenApiConnection",
                "inputs": {
                  "host": {
                    "connectionName": "shared_commondataserviceforapps",
                    "operationId": "AssociateEntities",
                    "apiId": "/providers/Microsoft.PowerApps/apis/shared_commondataserviceforapps"
                  },
                  "parameters": {
                    "entityName": "systemusers",
                    "recordId": "@outputs('Add_a_new_user_to_Users_table')?['body/systemuserid']",
                    "associationEntityRelationship": "systemuserroles_association",
                    "item/@odata.id": "https://fabricacrm-dev.crm.dynamics.com/api/data/v9.1/roles(@{variables('SR')})"
                  },
                  "authentication": "@parameters('$authentication')"
                }
              },
              "Relate_rows_4": {
                "runAfter": {
                  "Set_variable_9": [
                    "Succeeded"
                  ]
                },
                "metadata": {
                  "operationMetadataId": "5ac190e9-26dc-4580-9f87-c9eff0273533"
                },
                "type": "OpenApiConnection",
                "inputs": {
                  "host": {
                    "connectionName": "shared_commondataserviceforapps",
                    "operationId": "AssociateEntities",
                    "apiId": "/providers/Microsoft.PowerApps/apis/shared_commondataserviceforapps"
                  },
                  "parameters": {
                    "entityName": "systemusers",
                    "recordId": "@outputs('Add_a_new_user_to_Users_table')?['body/systemuserid']",
                    "associationEntityRelationship": "systemuserroles_association",
                    "item/@odata.id": "https://fabricacrm-dev.crm.dynamics.com/api/data/v9.1/roles(@{variables('SR')})"
                  },
                  "authentication": "@parameters('$authentication')"
                }
              }
            }
          },
          "expression": "@triggerOutputs()?['body/eyf_securityrole']",
          "metadata": {
            "operationMetadataId": "1b12485b-19a0-4e73-a4a6-eb895461fb52"
          },
          "type": "Switch"
        }
      }
    },
    "templateName": ""
  },
  "schemaVersion": "1.0.0.0"
}