{
  "properties": {
    "connectionReferences": {
      "shared_commondataserviceforapps-2": {
        "runtimeSource": "embedded",
        "connection": {
          "connectionReferenceLogicalName": "eyf_sharedcommondataserviceforapps_d1561"
        },
        "api": {
          "name": "shared_commondataserviceforapps"
        }
      },
      "shared_office365_1": {
        "runtimeSource": "embedded",
        "connection": {
          "connectionReferenceLogicalName": "eyf_sharedoffice365_9ad52"
        },
        "api": {
          "name": "shared_office365"
        }
      }
    },
    "definition": {
      "$schema": "https://schema.management.azure.com/providers/Microsoft.Logic/schemas/2016-06-01/workflowdefinition.json#",
      "contentVersion": "1.0.0.0",
      "parameters": {
        "$connections": {
          "defaultValue": {},
          "type": "Object"
        },
        "$authentication": {
          "defaultValue": {},
          "type": "SecureObject"
        }
      },
      "triggers": {
        "When_a_row_is_added,_modified_or_deleted": {
          "metadata": {
            "operationMetadataId": "d679321d-07ed-4f17-8a62-2e154a4bcb28"
          },
          "type": "OpenApiConnectionWebhook",
          "inputs": {
            "host": {
              "connectionName": "shared_commondataserviceforapps-2",
              "operationId": "SubscribeWebhookTrigger",
              "apiId": "/providers/Microsoft.PowerApps/apis/shared_commondataserviceforapps"
            },
            "parameters": {
              "subscriptionRequest/message": 4,
              "subscriptionRequest/entityname": "crd25_tbl_servicecasemanagement",
              "subscriptionRequest/scope": 4,
              "subscriptionRequest/filteringattributes": "ey_status"
            },
            "authentication": "@parameters('$authentication')"
          }
        }
      },
      "actions": {
        "Delay": {
          "runAfter": {},
          "metadata": {
            "operationMetadataId": "04207d3b-e947-4a30-ac48-64e8c99cb3f5"
          },
          "type": "Wait",
          "inputs": {
            "interval": {
              "count": 5,
              "unit": "Second"
            }
          }
        },
        "Try": {
          "actions": {
            "Get_Ticket_Details": {
              "runAfter": {},
              "metadata": {
                "operationMetadataId": "922184e8-9e8b-4ea1-bb50-7eff044f4af3"
              },
              "type": "OpenApiConnection",
              "inputs": {
                "host": {
                  "connectionName": "shared_commondataserviceforapps-2",
                  "operationId": "GetItem",
                  "apiId": "/providers/Microsoft.PowerApps/apis/shared_commondataserviceforapps"
                },
                "parameters": {
                  "entityName": "crd25_tbl_servicecasemanagements",
                  "recordId": "@triggerBody()?['crd25_tbl_servicecasemanagementid']"
                },
                "authentication": "@parameters('$authentication')"
              }
            },
            "List_rows_-_Ticket_Project": {
              "runAfter": {
                "Get_Ticket_Details": [
                  "Succeeded"
                ]
              },
              "metadata": {
                "operationMetadataId": "50ecc9c9-c61b-4ad4-ae3b-6de02dfcf320"
              },
              "type": "OpenApiConnection",
              "inputs": {
                "host": {
                  "connectionName": "shared_commondataserviceforapps-2",
                  "operationId": "ListRecords",
                  "apiId": "/providers/Microsoft.PowerApps/apis/shared_commondataserviceforapps"
                },
                "parameters": {
                  "entityName": "ey_projectnames",
                  "$filter": "ey_name eq '@{body('Get_Ticket_Details')?['_ey_project_value@OData.Community.Display.V1.FormattedValue']}'",
                  "$top": 1
                },
                "authentication": "@parameters('$authentication')"
              }
            },
            "Get_a_row_by_ID_-_Ticket_Project": {
              "runAfter": {
                "List_rows_-_Ticket_Project": [
                  "Succeeded"
                ]
              },
              "metadata": {
                "operationMetadataId": "100b2f89-d229-4c61-9f18-6f5f417e39f7"
              },
              "type": "OpenApiConnection",
              "inputs": {
                "host": {
                  "connectionName": "shared_commondataserviceforapps-2",
                  "operationId": "GetItem",
                  "apiId": "/providers/Microsoft.PowerApps/apis/shared_commondataserviceforapps"
                },
                "parameters": {
                  "entityName": "ey_projectnames",
                  "recordId": "@first(outputs('List_rows_-_Ticket_Project')?['body/value'])?['ey_projectnameid']"
                },
                "authentication": "@parameters('$authentication')"
              }
            },
            "Compose": {
              "runAfter": {
                "Check_if_ADO_items_are_present": [
                  "Succeeded"
                ]
              },
              "metadata": {
                "operationMetadataId": "0679e421-8386-4379-87a6-63d018202da6"
              },
              "type": "Compose",
              "inputs": "@concat(triggerBody()?['_ey_status_label'], 'Sent')"
            },
            "Condition": {
              "actions": {
                "Run_a_Child_Flow": {
                  "runAfter": {},
                  "metadata": {
                    "operationMetadataId": "6c74368a-5a13-4ffd-a6fc-973d19050440"
                  },
                  "type": "Workflow",
                  "inputs": {
                    "host": {
                      "workflowReferenceName": "f34ee928-a104-ee11-8f6e-000d3a55fb1c"
                    },
                    "body": {
                      "text": "@{triggerBody()?['_ey_status_label']}",
                      "text_2": "@triggerBody()?['crd25_col_authoremail']",
                      "text_3": "@{if(empty(triggerBody()?['crd25_col_authorname']),'',triggerBody()?['crd25_col_authorname'])}",
                      "text_4": "@triggerBody()?['crd25_col_ticketid']",
                      "text_6": "@{If(not(equals(triggerBody()?['crd25_col_comms_index'],null)),triggerBody()?['crd25_col_comms_index'],'')}",
                      "text_7": "@triggerBody()?['crd25_tbl_servicecasemanagementid']",
                      "text_8": "@{if(equals(body('Get_Ticket_Details')?['_ey_assignedto_value'],null),'',body('Get_a_User_Email')?['internalemailaddress'])}",
                      "text_12": "@triggerBody()?['crd25_col_ticketdescription']",
                      "text_13": "@{body('Get_Ticket_Details')?['_ey_project_value@OData.Community.Display.V1.FormattedValue']}",
                      "text_1": "@{if(empty(triggerBody()?['ey_workitemid']),'',triggerBody()?['ey_workitemid'])}",
                      "text_9": "@{if(empty(body('Get_Ticket_Details')?['ey_workitemado@OData.Community.Display.V1.FormattedValue']),'',body('Get_Ticket_Details')?['ey_workitemado@OData.Community.Display.V1.FormattedValue'])}",
                      "text_11": "@{if(equals(body('Get_a_row_by_ID_-_Ticket_Project')?['_ey_adoproject_value'],null),'',outputs('Get_a_row_by_ID_-_ADO_Connector')['body/ey_adoorganization'])}"
                    }
                  }
                }
              },
              "runAfter": {
                "if_assignee_is_not_empty": [
                  "Succeeded"
                ]
              },
              "expression": {
                "and": [
                  {
                    "not": {
                      "equals": [
                        "@triggerBody()?['crd25_col_comms_index']",
                        "@outputs('Compose')"
                      ]
                    }
                  },
                  {
                    "not": {
                      "equals": [
                        "@triggerBody()?['statecode']",
                        1
                      ]
                    }
                  }
                ]
              },
              "metadata": {
                "operationMetadataId": "d9d7fa23-165e-4d14-b962-b1a41dbb5bcf"
              },
              "type": "If"
            },
            "if_assignee_is_not_empty": {
              "actions": {
                "Get_a_User_Email": {
                  "runAfter": {},
                  "metadata": {
                    "operationMetadataId": "1b6c475f-cafa-4b9f-a202-39f4d9d8755f"
                  },
                  "type": "OpenApiConnection",
                  "inputs": {
                    "host": {
                      "connectionName": "shared_commondataserviceforapps-2",
                      "operationId": "GetItem",
                      "apiId": "/providers/Microsoft.PowerApps/apis/shared_commondataserviceforapps"
                    },
                    "parameters": {
                      "entityName": "systemusers",
                      "recordId": "@triggerBody()?['_ey_assignedto_value']"
                    },
                    "authentication": "@parameters('$authentication')"
                  }
                }
              },
              "runAfter": {
                "Compose": [
                  "Succeeded"
                ]
              },
              "expression": {
                "and": [
                  {
                    "not": {
                      "equals": [
                        "@body('Get_Ticket_Details')?['_ey_assignedto_value']",
                        "@null"
                      ]
                    }
                  }
                ]
              },
              "metadata": {
                "operationMetadataId": "ed09bfd6-9213-4f7c-83a3-80d5bb3d05b0"
              },
              "type": "If"
            },
            "Check_if_ADO_items_are_present": {
              "actions": {
                "Get_a_row_by_ID_-_ADO_Connector": {
                  "runAfter": {},
                  "metadata": {
                    "operationMetadataId": "a649b516-534b-4650-9d50-b51cbfab1023"
                  },
                  "type": "OpenApiConnection",
                  "inputs": {
                    "host": {
                      "connectionName": "shared_commondataserviceforapps-2",
                      "operationId": "GetItem",
                      "apiId": "/providers/Microsoft.PowerApps/apis/shared_commondataserviceforapps"
                    },
                    "parameters": {
                      "entityName": "ey_adoconnectors",
                      "recordId": "@outputs('Get_a_row_by_ID_-_Ticket_Project')?['body/_ey_adoproject_value']"
                    },
                    "authentication": "@parameters('$authentication')"
                  }
                }
              },
              "runAfter": {
                "Get_a_row_by_ID_-_Ticket_Project": [
                  "Succeeded"
                ]
              },
              "expression": {
                "and": [
                  {
                    "not": {
                      "equals": [
                        "@body('Get_a_row_by_ID_-_Ticket_Project')?['_ey_adoproject_value']",
                        "@null"
                      ]
                    }
                  }
                ]
              },
              "metadata": {
                "operationMetadataId": "e726a030-52aa-42f7-ac15-79a70545aef1"
              },
              "type": "If"
            }
          },
          "runAfter": {
            "Delay": [
              "Succeeded"
            ]
          },
          "metadata": {
            "operationMetadataId": "5896cc44-d8d9-4953-920e-f5ad651631ee"
          },
          "type": "Scope"
        },
        "Catch": {
          "actions": {
            "Filter_array_with_failed_status": {
              "runAfter": {
                "Get_Mail_List": [
                  "Succeeded"
                ]
              },
              "metadata": {
                "operationMetadataId": "d0ff64a0-5605-4022-b21c-86c2f16f7ce6"
              },
              "type": "Query",
              "inputs": {
                "from": "@result('Try')",
                "where": "@or(equals(item()?['Status'], 'Failed'),equals(item()?['Status'], 'TimedOut'))"
              }
            },
            "Create_error_table": {
              "runAfter": {
                "Filter_array_with_failed_status": [
                  "Succeeded"
                ]
              },
              "metadata": {
                "operationMetadataId": "4601f7d6-6c68-40b6-a1e4-ea6a3fc79ca4"
              },
              "type": "Table",
              "inputs": {
                "from": "@body('Filter_array_with_failed_status')",
                "format": "HTML",
                "columns": [
                  {
                    "header": "Action",
                    "value": "@item()?['name']"
                  },
                  {
                    "header": "Status",
                    "value": "@item()?['status']"
                  },
                  {
                    "header": "ErrorMessage",
                    "value": "@item()?['error']?['message']"
                  }
                ]
              }
            },
            "Get_Mail_List": {
              "runAfter": {},
              "metadata": {
                "operationMetadataId": "6a3de703-272b-420c-bdd1-88dab794cb8f"
              },
              "type": "OpenApiConnection",
              "inputs": {
                "host": {
                  "connectionName": "shared_commondataserviceforapps-2",
                  "operationId": "ListRecords",
                  "apiId": "/providers/Microsoft.PowerApps/apis/shared_commondataserviceforapps"
                },
                "parameters": {
                  "entityName": "ey_ticketgeneralconfigurations",
                  "$filter": "ey_name eq 'Error Notification Mail'"
                },
                "authentication": "@parameters('$authentication')"
              }
            },
            "Send_error_via_email": {
              "runAfter": {
                "Create_error_table": [
                  "Succeeded"
                ]
              },
              "metadata": {
                "operationMetadataId": "b2fe7314-ebeb-4c6c-8419-92449d9bddc2"
              },
              "type": "OpenApiConnection",
              "inputs": {
                "host": {
                  "connectionName": "shared_office365_1",
                  "operationId": "SendEmailV2",
                  "apiId": "/providers/Microsoft.PowerApps/apis/shared_office365"
                },
                "parameters": {
                  "emailMessage/To": "@first(outputs('Get_Mail_List')?['body/value'])?['ey_value']",
                  "emailMessage/Subject": "Parent_Ticket_Status_Notification flow failed",
                  "emailMessage/Body": "<style>\ntable, td, th{\nborder: 1px solid #ddd;\ntext-align: left;\n}\n\ntable{\nborder-collapse: collapse;\nwidth: 100%;\n}\n\nth,td{\npadding: 15px;\n}\n\n</style>\n<p>\nHi,\n<br/>\nPlease find the error details below:\n<br>\n@{body('Create_error_table')}\n\n<br/>\nThanks\n</p>",
                  "emailMessage/Importance": "Normal"
                },
                "authentication": "@parameters('$authentication')"
              }
            }
          },
          "runAfter": {
            "Try": [
              "Failed",
              "Skipped",
              "TimedOut"
            ]
          },
          "metadata": {
            "operationMetadataId": "f14598ef-eadb-4c47-8a70-cede29aaa175"
          },
          "type": "Scope"
        }
      }
    },
    "templateName": ""
  },
  "schemaVersion": "1.0.0.0"
}