{
  "properties": {
    "connectionReferences": {
      "shared_commondataserviceforapps-2": {
        "runtimeSource": "embedded",
        "connection": {
          "connectionReferenceLogicalName": "eyf_sharedcommondataserviceforapps_d1561"
        },
        "api": {
          "name": "shared_commondataserviceforapps"
        }
      },
      "shared_visualstudioteamservices-2": {
        "runtimeSource": "embedded",
        "connection": {
          "connectionReferenceLogicalName": "ey_sharedvisualstudioteamservices_406b8"
        },
        "api": {
          "name": "shared_visualstudioteamservices"
        }
      },
      "shared_office365_1": {
        "runtimeSource": "embedded",
        "connection": {
          "connectionReferenceLogicalName": "eyf_sharedoffice365_9ad52"
        },
        "api": {
          "name": "shared_office365"
        }
      }
    },
    "definition": {
      "$schema": "https://schema.management.azure.com/providers/Microsoft.Logic/schemas/2016-06-01/workflowdefinition.json#",
      "contentVersion": "1.0.0.0",
      "parameters": {
        "$connections": {
          "defaultValue": {},
          "type": "Object"
        },
        "$authentication": {
          "defaultValue": {},
          "type": "SecureObject"
        }
      },
      "triggers": {
        "When_a_row_is_added,_modified_or_deleted": {
          "metadata": {
            "operationMetadataId": "9207c249-1ab1-47fb-9af3-b32a286fd398"
          },
          "type": "OpenApiConnectionWebhook",
          "inputs": {
            "parameters": {
              "subscriptionRequest/message": 3,
              "subscriptionRequest/entityname": "crd25_tbl_servicecasemanagement",
              "subscriptionRequest/scope": 4,
              "subscriptionRequest/filteringattributes": "ey_workitemado",
              "subscriptionRequest/name": "f3694bd5-3611-ee11-8f6d-0022482579e8"
            },
            "host": {
              "connectionName": "shared_commondataserviceforapps-2",
              "operationId": "SubscribeWebhookTrigger",
              "apiId": "/providers/Microsoft.PowerApps/apis/shared_commondataserviceforapps"
            }
          }
        }
      },
      "actions": {
        "Try": {
          "actions": {
            "Get_a_row_by_ID": {
              "runAfter": {},
              "metadata": {
                "operationMetadataId": "719c1cb9-11f3-4ca1-9eed-fd83614381d1"
              },
              "type": "OpenApiConnection",
              "inputs": {
                "parameters": {
                  "entityName": "crd25_tbl_servicecasemanagements",
                  "recordId": "@triggerOutputs()?['body/crd25_tbl_servicecasemanagementid']"
                },
                "host": {
                  "connectionName": "shared_commondataserviceforapps-2",
                  "operationId": "GetItem",
                  "apiId": "/providers/Microsoft.PowerApps/apis/shared_commondataserviceforapps"
                }
              }
            },
            "List_rows_-_Ticket_Project": {
              "runAfter": {
                "Get_a_row_by_ID": [
                  "Succeeded"
                ]
              },
              "metadata": {
                "operationMetadataId": "50ecc9c9-c61b-4ad4-ae3b-6de02dfcf320"
              },
              "type": "OpenApiConnection",
              "inputs": {
                "parameters": {
                  "entityName": "ey_projectnames",
                  "$filter": "ey_name eq '@{outputs('Get_a_row_by_ID')?['body/_ey_project_value@OData.Community.Display.V1.FormattedValue']}'",
                  "$top": 1
                },
                "host": {
                  "connectionName": "shared_commondataserviceforapps-2",
                  "operationId": "ListRecords",
                  "apiId": "/providers/Microsoft.PowerApps/apis/shared_commondataserviceforapps"
                }
              }
            },
            "Get_a_row_by_ID_-_Ticket_Project": {
              "runAfter": {
                "List_rows_-_Ticket_Project": [
                  "Succeeded"
                ]
              },
              "metadata": {
                "operationMetadataId": "100b2f89-d229-4c61-9f18-6f5f417e39f7"
              },
              "type": "OpenApiConnection",
              "inputs": {
                "parameters": {
                  "entityName": "ey_projectnames",
                  "recordId": "@first(outputs('List_rows_-_Ticket_Project')?['body/value'])?['ey_projectnameid']"
                },
                "host": {
                  "connectionName": "shared_commondataserviceforapps-2",
                  "operationId": "GetItem",
                  "apiId": "/providers/Microsoft.PowerApps/apis/shared_commondataserviceforapps"
                }
              }
            },
            "Get_a_row_by_ID_-_ADO_C": {
              "runAfter": {
                "Get_a_row_by_ID_-_Ticket_Project": [
                  "Succeeded"
                ]
              },
              "metadata": {
                "operationMetadataId": "7a0bb580-de39-42cc-958e-fc2cad91b5bd"
              },
              "type": "OpenApiConnection",
              "inputs": {
                "parameters": {
                  "entityName": "ey_adoconnectors",
                  "recordId": "@outputs('Get_a_row_by_ID_-_Ticket_Project')?['body/_ey_adoproject_value']"
                },
                "host": {
                  "connectionName": "shared_commondataserviceforapps-2",
                  "operationId": "GetItem",
                  "apiId": "/providers/Microsoft.PowerApps/apis/shared_commondataserviceforapps"
                }
              }
            },
            "Check_if_work_item_is_User_Story": {
              "actions": {
                "Create_a_user_story": {
                  "runAfter": {},
                  "metadata": {
                    "operationMetadataId": "582e285f-dc32-401c-8522-2925ba3a21b0"
                  },
                  "type": "OpenApiConnection",
                  "inputs": {
                    "host": {
                      "connectionName": "shared_visualstudioteamservices-2",
                      "operationId": "CreateWorkItem",
                      "apiId": "/providers/Microsoft.PowerApps/apis/shared_visualstudioteamservices"
                    },
                    "parameters": {
                      "account": "@outputs('Get_a_row_by_ID_-_ADO_C')?['body/ey_adoorganization']",
                      "project": "@outputs('Get_a_row_by_ID_-_ADO_C')?['body/ey_name']",
                      "type": "@outputs('Get_a_row_by_ID')?['body/ey_workitemado@OData.Community.Display.V1.FormattedValue']",
                      "workItem/title": "@outputs('Get_a_row_by_ID')?['body/ey_title']",
                      "workItem/description": "<p><b><strong style=\"white-space: pre-wrap;\">Project: </strong></b>@{outputs('Get_a_row_by_ID_-_Ticket_Project')?['body/ey_name']}</p><p><b><strong style=\"white-space: pre-wrap;\">Ticket ID: </strong></b>@{outputs('Get_a_row_by_ID')?['body/crd25_col_ticketid']}</p><p><b><strong style=\"white-space: pre-wrap;\">Description: </strong></b>@{outputs('Get_a_row_by_ID')?['body/crd25_col_ticketdescription']}</p>",
                      "workItem/iteration": "@outputs('Get_a_row_by_ID')?['body/ey_iterationpath']",
                      "workItem/area": "@outputs('Get_a_row_by_ID_-_Ticket_Project')?['body/ey_areapath']",
                      "workItem/userEnteredFields": {
                        "Acceptance Criteria": "Please enter the Acceptance Criteria for this user story",
                        "Assigned To": "@{if(equals(body('Get_a_row_by_ID')?['_ey_assignedto_value'],null),'',body('Get_Assigned_To')?['internalemailaddress'])}",
                        "Value Area": "@{outputs('Get_a_row_by_ID')?['body/ey_valuearea@OData.Community.Display.V1.FormattedValue']}",
                        "Story Points": "0"
                      }
                    },
                    "authentication": "@parameters('$authentication')"
                  }
                },
                "Update_the_Work_Item_ID_in_Ticket_entity": {
                  "runAfter": {
                    "Update_status_for_User_Story": [
                      "Succeeded"
                    ]
                  },
                  "metadata": {
                    "operationMetadataId": "6f55df45-2909-433d-991a-193a2a399b2a"
                  },
                  "type": "OpenApiConnection",
                  "inputs": {
                    "parameters": {
                      "entityName": "crd25_tbl_servicecasemanagements",
                      "recordId": "@triggerOutputs()?['body/crd25_tbl_servicecasemanagementid']",
                      "item/ey_workitemid": "@body('Create_a_user_story')?['id']"
                    },
                    "host": {
                      "connectionName": "shared_commondataserviceforapps-2",
                      "operationId": "UpdateRecord",
                      "apiId": "/providers/Microsoft.PowerApps/apis/shared_commondataserviceforapps"
                    }
                  }
                },
                "Update_status_for_User_Story": {
                  "runAfter": {
                    "Create_a_user_story": [
                      "Succeeded"
                    ]
                  },
                  "metadata": {
                    "operationMetadataId": "3dedfde1-edf2-4363-b6ad-2c26af7e9da2"
                  },
                  "type": "OpenApiConnection",
                  "inputs": {
                    "host": {
                      "connectionName": "shared_visualstudioteamservices-2",
                      "operationId": "UpdateWorkItem",
                      "apiId": "/providers/Microsoft.PowerApps/apis/shared_visualstudioteamservices"
                    },
                    "parameters": {
                      "account": "@outputs('Get_a_row_by_ID_-_ADO_C')?['body/ey_adoorganization']",
                      "id": "@outputs('Create_a_user_story')?['body/id']",
                      "type": "@outputs('Get_a_row_by_ID')?['body/ey_workitemado@OData.Community.Display.V1.FormattedValue']",
                      "workItem/userEnteredFields": {
                        "State": "@{if(equals(body('Get_a_row_by_ID')?['ey_status@OData.Community.Display.V1.FormattedValue'],'New'),'New',if(equals(body('Get_a_row_by_ID')?['ey_status@OData.Community.Display.V1.FormattedValue'],'In Progress'),'Active',if(equals(body('Get_a_row_by_ID')?['ey_workitemado@OData.Community.Display.V1.FormattedValue'],'Task'),'Closed',body('Get_a_row_by_ID')?['ey_status@OData.Community.Display.V1.FormattedValue'])))}"
                      }
                    },
                    "authentication": "@parameters('$authentication')"
                  }
                }
              },
              "runAfter": {
                "Check_If_Assigned_To_is_Empty": [
                  "Succeeded"
                ]
              },
              "else": {
                "actions": {
                  "Check_if_work_item_is_Bug": {
                    "actions": {
                      "Create_a_bug": {
                        "runAfter": {},
                        "metadata": {
                          "operationMetadataId": "582e285f-dc32-401c-8522-2925ba3a21b0"
                        },
                        "type": "OpenApiConnection",
                        "inputs": {
                          "host": {
                            "connectionName": "shared_visualstudioteamservices-2",
                            "operationId": "CreateWorkItem",
                            "apiId": "/providers/Microsoft.PowerApps/apis/shared_visualstudioteamservices"
                          },
                          "parameters": {
                            "account": "@outputs('Get_a_row_by_ID_-_ADO_C')?['body/ey_adoorganization']",
                            "project": "@outputs('Get_a_row_by_ID_-_ADO_C')?['body/ey_name']",
                            "type": "@outputs('Get_a_row_by_ID')?['body/ey_workitemado@OData.Community.Display.V1.FormattedValue']",
                            "workItem/title": "@outputs('Get_a_row_by_ID')?['body/ey_title']",
                            "workItem/description": "<p><b><strong style=\"white-space: pre-wrap;\">Project: </strong></b>@{outputs('Get_a_row_by_ID_-_Ticket_Project')?['body/ey_name']}</p><p><b><strong style=\"white-space: pre-wrap;\">Ticket</strong></b><span style=\"white-space: pre-wrap;\"> </span><b><strong style=\"white-space: pre-wrap;\">ID: </strong></b>@{body('Get_a_row_by_ID')?['crd25_col_ticketid']}</p><p><b><strong style=\"white-space: pre-wrap;\">Description: </strong></b>@{body('Get_a_row_by_ID')?['crd25_col_ticketdescription']}</p>",
                            "workItem/iteration": "@outputs('Get_a_row_by_ID')?['body/ey_iterationpath']",
                            "workItem/area": "@outputs('Get_a_row_by_ID_-_Ticket_Project')?['body/ey_areapath']",
                            "workItem/userEnteredFields": {
                              "Test Phase": "@{outputs('Get_a_row_by_ID')?['body/ey_testphase@OData.Community.Display.V1.FormattedValue']}",
                              "Repro Steps": "<p><b><strong>Project: </strong></b>@{outputs('Get_a_row_by_ID_-_Ticket_Project')?['body/ey_name']}</p><p><b><strong>Ticket ID:</strong></b>@{outputs('Get_a_row_by_ID')?['body/crd25_col_ticketid']}</p>\n<p><b><strong>Description:</strong></b> @{outputs('Get_a_row_by_ID')?['body/crd25_col_ticketdescription']}</p>",
                              "Assigned To": "@{if(equals(body('Get_a_row_by_ID')?['_ey_assignedto_value'],null),'',body('Get_Assigned_To')?['internalemailaddress'])}",
                              "RCA 1": "@{outputs('Get_a_row_by_ID')?['body/ey_rca@OData.Community.Display.V1.FormattedValue']}",
                              "Release Ver": "0.0",
                              "Activity": "@{outputs('Get_a_row_by_ID')?['body/ey_activity@OData.Community.Display.V1.FormattedValue']}",
                              "RCA": "NA"
                            }
                          },
                          "authentication": "@parameters('$authentication')"
                        }
                      },
                      "Update_the_Work_Item_ID_in_Ticket_entity_2": {
                        "runAfter": {
                          "Update_status_for_Bug": [
                            "Succeeded"
                          ]
                        },
                        "metadata": {
                          "operationMetadataId": "6f55df45-2909-433d-991a-193a2a399b2a"
                        },
                        "type": "OpenApiConnection",
                        "inputs": {
                          "parameters": {
                            "entityName": "crd25_tbl_servicecasemanagements",
                            "recordId": "@triggerOutputs()?['body/crd25_tbl_servicecasemanagementid']",
                            "item/ey_workitemid": "@outputs('Create_a_bug')?['body/id']"
                          },
                          "host": {
                            "connectionName": "shared_commondataserviceforapps-2",
                            "operationId": "UpdateRecord",
                            "apiId": "/providers/Microsoft.PowerApps/apis/shared_commondataserviceforapps"
                          }
                        }
                      },
                      "Update_status_for_Bug": {
                        "runAfter": {
                          "Create_a_bug": [
                            "Succeeded"
                          ]
                        },
                        "metadata": {
                          "operationMetadataId": "3564641f-5385-4b4f-aaa1-a6856f534365"
                        },
                        "type": "OpenApiConnection",
                        "inputs": {
                          "host": {
                            "connectionName": "shared_visualstudioteamservices-2",
                            "operationId": "UpdateWorkItem",
                            "apiId": "/providers/Microsoft.PowerApps/apis/shared_visualstudioteamservices"
                          },
                          "parameters": {
                            "account": "@outputs('Get_a_row_by_ID_-_ADO_C')?['body/ey_adoorganization']",
                            "id": "@outputs('Create_a_bug')?['body/id']",
                            "type": "@outputs('Get_a_row_by_ID')?['body/ey_workitemado@OData.Community.Display.V1.FormattedValue']",
                            "workItem/userEnteredFields": {
                              "State": "@{if(equals(body('Get_a_row_by_ID')?['ey_status@OData.Community.Display.V1.FormattedValue'],'New'),'New',if(equals(body('Get_a_row_by_ID')?['ey_status@OData.Community.Display.V1.FormattedValue'],'In Progress'),'Active',if(equals(body('Get_a_row_by_ID')?['ey_workitemado@OData.Community.Display.V1.FormattedValue'],'Task'),'Closed',body('Get_a_row_by_ID')?['ey_status@OData.Community.Display.V1.FormattedValue'])))}"
                            }
                          },
                          "authentication": "@parameters('$authentication')"
                        }
                      }
                    },
                    "runAfter": {},
                    "else": {
                      "actions": {
                        "Check_if_work_item_is_Task": {
                          "actions": {
                            "Create_a_task": {
                              "runAfter": {},
                              "metadata": {
                                "operationMetadataId": "582e285f-dc32-401c-8522-2925ba3a21b0"
                              },
                              "type": "OpenApiConnection",
                              "inputs": {
                                "host": {
                                  "connectionName": "shared_visualstudioteamservices-2",
                                  "operationId": "CreateWorkItem",
                                  "apiId": "/providers/Microsoft.PowerApps/apis/shared_visualstudioteamservices"
                                },
                                "parameters": {
                                  "account": "@outputs('Get_a_row_by_ID_-_ADO_C')?['body/ey_adoorganization']",
                                  "project": "@outputs('Get_a_row_by_ID_-_ADO_C')?['body/ey_name']",
                                  "type": "@outputs('Get_a_row_by_ID')?['body/ey_workitemado@OData.Community.Display.V1.FormattedValue']",
                                  "workItem/title": "@outputs('Get_a_row_by_ID')?['body/ey_title']",
                                  "workItem/description": "<p><b><strong style=\"white-space: pre-wrap;\">Project: </strong></b>@{outputs('Get_a_row_by_ID_-_Ticket_Project')?['body/ey_name']}</p><p><b><strong style=\"white-space: pre-wrap;\">Ticket ID: </strong></b>@{outputs('Get_a_row_by_ID')?['body/crd25_col_ticketid']}</p><p><b><strong style=\"white-space: pre-wrap;\">Description: </strong></b>@{outputs('Get_a_row_by_ID')?['body/crd25_col_ticketdescription']}</p>",
                                  "workItem/iteration": "@outputs('Get_a_row_by_ID')?['body/ey_iterationpath']",
                                  "workItem/area": "@outputs('Get_a_row_by_ID_-_Ticket_Project')?['body/ey_areapath']",
                                  "workItem/userEnteredFields": {
                                    "Original Estimate": "0",
                                    "Assigned To": "@{if(equals(body('Get_a_row_by_ID')?['_ey_assignedto_value'],null),'',body('Get_Assigned_To')?['internalemailaddress'])}",
                                    "Remaining Work": "0"
                                  }
                                },
                                "authentication": "@parameters('$authentication')"
                              }
                            },
                            "Update_the_Work_Item_ID_in_Ticket_entity_3": {
                              "runAfter": {
                                "Update_status_for_Task": [
                                  "Succeeded"
                                ]
                              },
                              "metadata": {
                                "operationMetadataId": "6f55df45-2909-433d-991a-193a2a399b2a"
                              },
                              "type": "OpenApiConnection",
                              "inputs": {
                                "parameters": {
                                  "entityName": "crd25_tbl_servicecasemanagements",
                                  "recordId": "@triggerOutputs()?['body/crd25_tbl_servicecasemanagementid']",
                                  "item/ey_workitemid": "@{outputs('Create_a_task')?['body/id']}"
                                },
                                "host": {
                                  "connectionName": "shared_commondataserviceforapps-2",
                                  "operationId": "UpdateRecord",
                                  "apiId": "/providers/Microsoft.PowerApps/apis/shared_commondataserviceforapps"
                                }
                              }
                            },
                            "Update_status_for_Task": {
                              "runAfter": {
                                "Create_a_task": [
                                  "Succeeded"
                                ]
                              },
                              "metadata": {
                                "operationMetadataId": "4a3b68a2-3fb6-4ebd-b005-c48d854a7c05"
                              },
                              "type": "OpenApiConnection",
                              "inputs": {
                                "host": {
                                  "connectionName": "shared_visualstudioteamservices-2",
                                  "operationId": "UpdateWorkItem",
                                  "apiId": "/providers/Microsoft.PowerApps/apis/shared_visualstudioteamservices"
                                },
                                "parameters": {
                                  "account": "@outputs('Get_a_row_by_ID_-_ADO_C')?['body/ey_adoorganization']",
                                  "id": "@outputs('Create_a_task')?['body/id']",
                                  "type": "@outputs('Get_a_row_by_ID')?['body/ey_workitemado@OData.Community.Display.V1.FormattedValue']",
                                  "workItem/userEnteredFields": {
                                    "State": "@{if(equals(body('Get_a_row_by_ID')?['ey_status@OData.Community.Display.V1.FormattedValue'],'New'),'New',if(equals(body('Get_a_row_by_ID')?['ey_status@OData.Community.Display.V1.FormattedValue'],'In Progress'),'Active',if(equals(body('Get_a_row_by_ID')?['ey_workitemado@OData.Community.Display.V1.FormattedValue'],'Task'),'Closed',body('Get_a_row_by_ID')?['ey_status@OData.Community.Display.V1.FormattedValue'])))}"
                                  }
                                },
                                "authentication": "@parameters('$authentication')"
                              }
                            }
                          },
                          "runAfter": {},
                          "expression": {
                            "equals": [
                              "@outputs('Get_a_row_by_ID')?['body/ey_workitemado@OData.Community.Display.V1.FormattedValue']",
                              "Task"
                            ]
                          },
                          "metadata": {
                            "operationMetadataId": "b9d3bff4-0ab2-4e3c-aa48-1b5c1614f556"
                          },
                          "type": "If"
                        }
                      }
                    },
                    "expression": {
                      "equals": [
                        "@outputs('Get_a_row_by_ID')?['body/ey_workitemado@OData.Community.Display.V1.FormattedValue']",
                        "Bug"
                      ]
                    },
                    "metadata": {
                      "operationMetadataId": "e4be55e8-8dce-401c-8c26-fa248f224783"
                    },
                    "type": "If"
                  }
                }
              },
              "expression": {
                "equals": [
                  "@outputs('Get_a_row_by_ID')?['body/ey_workitemado@OData.Community.Display.V1.FormattedValue']",
                  "User Story"
                ]
              },
              "metadata": {
                "operationMetadataId": "590c5c45-e889-416c-a9fb-a40479bfdeb7"
              },
              "type": "If"
            },
            "Check_If_Assigned_To_is_Empty": {
              "actions": {
                "Get_Assigned_To": {
                  "runAfter": {},
                  "metadata": {
                    "operationMetadataId": "2d0f9b3e-4e50-4298-8673-8f1b41177393"
                  },
                  "type": "OpenApiConnection",
                  "inputs": {
                    "parameters": {
                      "entityName": "systemusers",
                      "recordId": "@triggerOutputs()?['body/_ey_assignedto_value']"
                    },
                    "host": {
                      "connectionName": "shared_commondataserviceforapps-2",
                      "operationId": "GetItem",
                      "apiId": "/providers/Microsoft.PowerApps/apis/shared_commondataserviceforapps"
                    }
                  }
                }
              },
              "runAfter": {
                "Get_a_row_by_ID_-_ADO_C": [
                  "Succeeded"
                ]
              },
              "expression": {
                "and": [
                  {
                    "not": {
                      "equals": [
                        "@body('Get_a_row_by_ID')?['_ey_assignedto_value']",
                        "@null"
                      ]
                    }
                  }
                ]
              },
              "metadata": {
                "operationMetadataId": "c2838b45-670f-4cec-98ed-d7eb6f224783"
              },
              "type": "If"
            }
          },
          "runAfter": {},
          "metadata": {
            "operationMetadataId": "2a38c954-3609-4c12-be0b-11a3cbc77a21"
          },
          "type": "Scope"
        },
        "Catch": {
          "actions": {
            "Filter_array_with_failed_status": {
              "runAfter": {
                "Get_Mail_List": [
                  "Succeeded"
                ]
              },
              "metadata": {
                "operationMetadataId": "d0ff64a0-5605-4022-b21c-86c2f16f7ce6"
              },
              "type": "Query",
              "inputs": {
                "from": "@result('Try')",
                "where": "@or(equals(item()?['Status'], 'Failed'), equals(item()?['Status'], 'TimedOut'))"
              }
            },
            "Create_error_table": {
              "runAfter": {
                "Filter_array_with_failed_status": [
                  "Succeeded"
                ]
              },
              "metadata": {
                "operationMetadataId": "4601f7d6-6c68-40b6-a1e4-ea6a3fc79ca4"
              },
              "type": "Table",
              "inputs": {
                "from": "@body('Filter_array_with_failed_status')",
                "format": "HTML",
                "columns": [
                  {
                    "header": "Action",
                    "value": "@item()?['name']"
                  },
                  {
                    "header": "Status",
                    "value": "@item()?['status']"
                  },
                  {
                    "header": "ErrorMessage",
                    "value": "@item()?['error']?['message']"
                  }
                ]
              }
            },
            "Get_Mail_List": {
              "runAfter": {},
              "metadata": {
                "operationMetadataId": "1ac4400a-0351-4815-82ec-f3b0811c76ea"
              },
              "type": "OpenApiConnection",
              "inputs": {
                "parameters": {
                  "entityName": "ey_ticketgeneralconfigurations",
                  "$filter": "ey_name eq 'Error Notification Mail'"
                },
                "host": {
                  "connectionName": "shared_commondataserviceforapps-2",
                  "operationId": "ListRecords",
                  "apiId": "/providers/Microsoft.PowerApps/apis/shared_commondataserviceforapps"
                }
              }
            },
            "Send_error_via_email": {
              "runAfter": {
                "Create_error_table": [
                  "Succeeded"
                ]
              },
              "metadata": {
                "operationMetadataId": "b2fe7314-ebeb-4c6c-8419-92449d9bddc2"
              },
              "type": "OpenApiConnection",
              "inputs": {
                "host": {
                  "connectionName": "shared_office365_1",
                  "operationId": "SendEmailV2",
                  "apiId": "/providers/Microsoft.PowerApps/apis/shared_office365"
                },
                "parameters": {
                  "emailMessage/To": "@first(outputs('Get_Mail_List')?['body/value'])?['ey_value']",
                  "emailMessage/Subject": "Ticket_ADO_Work_Item_Creation flow failed",
                  "emailMessage/Body": "<style>\ntable, td, th{\nborder: 1px solid #ddd;\ntext-align: left;\n}\n\ntable{\nborder-collapse: collapse;\nwidth: 100%;\n}\n\nth,td{\npadding: 15px;\n}\n\n</style>\n<p>\nHi,\n<br/>\nPlease find the error details below:\n<br>\n@{body('Create_error_table')}\n\n<br/>\nThanks\n</p>",
                  "emailMessage/Importance": "Normal"
                },
                "authentication": "@parameters('$authentication')"
              }
            }
          },
          "runAfter": {
            "Try": [
              "Failed",
              "Skipped",
              "TimedOut"
            ]
          },
          "metadata": {
            "operationMetadataId": "21cbdcf7-3bed-43f6-9792-39f34563595d"
          },
          "type": "Scope"
        }
      }
    },
    "templateName": ""
  },
  "schemaVersion": "1.0.0.0"
}