{
  "properties": {
    "connectionReferences": {
      "shared_commondataserviceforapps_1": {
        "runtimeSource": "embedded",
        "connection": {
          "connectionReferenceLogicalName": "eyf_sharedcommondataserviceforapps_d1561"
        },
        "api": {
          "name": "shared_commondataserviceforapps"
        }
      },
      "shared_office365_1": {
        "runtimeSource": "embedded",
        "connection": {
          "connectionReferenceLogicalName": "eyf_sharedoffice365_9ad52"
        },
        "api": {
          "name": "shared_office365"
        }
      }
    },
    "definition": {
      "$schema": "https://schema.management.azure.com/providers/Microsoft.Logic/schemas/2016-06-01/workflowdefinition.json#",
      "contentVersion": "1.0.0.0",
      "parameters": {
        "$connections": {
          "defaultValue": {},
          "type": "Object"
        },
        "$authentication": {
          "defaultValue": {},
          "type": "SecureObject"
        }
      },
      "triggers": {
        "Recurrence": {
          "recurrence": {
            "frequency": "Day",
            "interval": 1,
            "timeZone": "UTC",
            "startTime": "2024-01-10T05:30:00Z"
          },
          "metadata": {
            "operationMetadataId": "670b65bd-f8d6-4ca0-9d42-687f204f4b3d"
          },
          "type": "Recurrence"
        }
      },
      "actions": {
        "Try": {
          "actions": {
            "Get_the_Ticket_Closure_Time_Period": {
              "runAfter": {},
              "metadata": {
                "operationMetadataId": "80c3dd65-7472-4684-9ebb-8a35e738f778"
              },
              "type": "OpenApiConnection",
              "inputs": {
                "host": {
                  "connectionName": "shared_commondataserviceforapps_1",
                  "operationId": "ListRecords",
                  "apiId": "/providers/Microsoft.PowerApps/apis/shared_commondataserviceforapps"
                },
                "parameters": {
                  "entityName": "ey_ticketgeneralconfigurations",
                  "$filter": "ey_name eq 'Ticket Closure Time Period'"
                },
                "authentication": "@parameters('$authentication')"
              }
            },
            "GetTickets": {
              "runAfter": {
                "Get_the_Ticket_Closure_Time_Period": [
                  "Succeeded"
                ]
              },
              "metadata": {
                "operationMetadataId": "676bad4d-7df8-4b31-b69d-3c9516454a2f"
              },
              "type": "OpenApiConnection",
              "inputs": {
                "host": {
                  "connectionName": "shared_commondataserviceforapps_1",
                  "operationId": "ListRecords",
                  "apiId": "/providers/Microsoft.PowerApps/apis/shared_commondataserviceforapps"
                },
                "parameters": {
                  "entityName": "crd25_tbl_servicecasemanagements",
                  "$filter": "ey_status eq 122280002 and crd25_col_completiondate le @{addHours(utcNow(),mul(-1,int(first(outputs('Get_the_Ticket_Closure_Time_Period')?['body/value'])?['ey_value'])))} and statecode eq 0"
                },
                "authentication": "@parameters('$authentication')"
              }
            },
            "Apply_to_each": {
              "foreach": "@outputs('GetTickets')?['body/value']",
              "actions": {
                "GetBPF": {
                  "runAfter": {},
                  "metadata": {
                    "operationMetadataId": "2b95b047-28d7-4380-9e16-27a4afab3474"
                  },
                  "type": "OpenApiConnection",
                  "inputs": {
                    "host": {
                      "connectionName": "shared_commondataserviceforapps_1",
                      "operationId": "ListRecords",
                      "apiId": "/providers/Microsoft.PowerApps/apis/shared_commondataserviceforapps"
                    },
                    "parameters": {
                      "entityName": "ey_ticketlifecycles",
                      "$filter": "_bpf_crd25_tbl_servicecasemanagementid_value eq @{items('Apply_to_each')?['crd25_tbl_servicecasemanagementid']}"
                    },
                    "authentication": "@parameters('$authentication')"
                  }
                },
                "GetProcessStage": {
                  "runAfter": {
                    "GetBPF": [
                      "Succeeded"
                    ]
                  },
                  "metadata": {
                    "operationMetadataId": "be8df066-1974-44ce-8227-edfa6975cf61"
                  },
                  "type": "OpenApiConnection",
                  "inputs": {
                    "host": {
                      "connectionName": "shared_commondataserviceforapps_1",
                      "operationId": "ListRecords",
                      "apiId": "/providers/Microsoft.PowerApps/apis/shared_commondataserviceforapps"
                    },
                    "parameters": {
                      "entityName": "processstages",
                      "$filter": "_processid_value eq @{first(outputs('GetBPF')?['body/value'])?['_processid_value']} and stagename eq 'Closed'",
                      "$top": 1
                    },
                    "authentication": "@parameters('$authentication')"
                  }
                },
                "Check_if_BPF_is_not_finished": {
                  "actions": {
                    "Update_BPF": {
                      "runAfter": {},
                      "metadata": {
                        "operationMetadataId": "8ba920df-f3e6-48b3-a001-423fca2e12da"
                      },
                      "type": "OpenApiConnection",
                      "inputs": {
                        "host": {
                          "connectionName": "shared_commondataserviceforapps_1",
                          "operationId": "UpdateRecord",
                          "apiId": "/providers/Microsoft.PowerApps/apis/shared_commondataserviceforapps"
                        },
                        "parameters": {
                          "entityName": "ey_ticketlifecycles",
                          "recordId": "@first(outputs('GetBPF')?['body/value'])?['businessprocessflowinstanceid']",
                          "item/activestageid@odata.bind": " processstages(@{first(outputs('GetProcessStage')?['body/value'])?['processstageid']})",
                          "item/statecode": 1,
                          "item/statuscode": 2
                        },
                        "authentication": "@parameters('$authentication')"
                      }
                    },
                    "Update_Ticket": {
                      "runAfter": {
                        "Delay": [
                          "Succeeded"
                        ]
                      },
                      "metadata": {
                        "operationMetadataId": "86eb8cc9-abfb-4749-9abb-75543590defa"
                      },
                      "type": "OpenApiConnection",
                      "inputs": {
                        "host": {
                          "connectionName": "shared_commondataserviceforapps_1",
                          "operationId": "UpdateRecord",
                          "apiId": "/providers/Microsoft.PowerApps/apis/shared_commondataserviceforapps"
                        },
                        "parameters": {
                          "entityName": "crd25_tbl_servicecasemanagements",
                          "recordId": "@items('Apply_to_each')?['crd25_tbl_servicecasemanagementid']",
                          "item/ey_Type@odata.bind": "ey_tickettypechoices(@{items('Apply_to_each')?['_ey_type_value']})",
                          "item/ey_col_ticketsevchoice@odata.bind": "ey_ticketseveritychoices(@{items('Apply_to_each')?['_ey_col_ticketsevchoice_value']})",
                          "item/ey_title": "@items('Apply_to_each')?['ey_title']",
                          "item/ey_closeddate": "@{utcNow()}",
                          "item/crd25_col_completiondate": "@items('Apply_to_each')?['crd25_col_completiondate']",
                          "item/ey_status": 122280003
                        },
                        "authentication": "@parameters('$authentication')"
                      }
                    },
                    "Delay": {
                      "runAfter": {
                        "Update_BPF": [
                          "Succeeded"
                        ]
                      },
                      "metadata": {
                        "operationMetadataId": "8237510e-906b-406d-a0e8-8f518a17e5f9"
                      },
                      "type": "Wait",
                      "inputs": {
                        "interval": {
                          "count": 1,
                          "unit": "Second"
                        }
                      }
                    }
                  },
                  "runAfter": {
                    "GetProcessStage": [
                      "Succeeded"
                    ]
                  },
                  "expression": {
                    "not": {
                      "equals": [
                        "@first(outputs('GetBPF')?['body/value'])?['statecode']",
                        1
                      ]
                    }
                  },
                  "metadata": {
                    "operationMetadataId": "030c1921-826a-4dc5-9bce-5dd289d7a740"
                  },
                  "type": "If"
                }
              },
              "runAfter": {
                "GetTickets": [
                  "Succeeded"
                ]
              },
              "metadata": {
                "operationMetadataId": "1a05d208-2884-4908-a998-ce8cb6c6b25e"
              },
              "type": "Foreach"
            }
          },
          "runAfter": {},
          "metadata": {
            "operationMetadataId": "1108a35a-da29-40aa-a464-5c4baaa306bd"
          },
          "type": "Scope"
        },
        "Catch": {
          "actions": {
            "Filter_array_with_failed_status": {
              "runAfter": {
                "Get_Mail_List": [
                  "Succeeded"
                ]
              },
              "metadata": {
                "operationMetadataId": "d0ff64a0-5605-4022-b21c-86c2f16f7ce6"
              },
              "type": "Query",
              "inputs": {
                "from": "@result('Try')",
                "where": "@or(equals(item()?['Status'], 'Failed'), equals(item()?['Status'], 'TimedOut'))"
              }
            },
            "Create_error_table": {
              "runAfter": {
                "Filter_array_with_failed_status": [
                  "Succeeded"
                ]
              },
              "metadata": {
                "operationMetadataId": "4601f7d6-6c68-40b6-a1e4-ea6a3fc79ca4"
              },
              "type": "Table",
              "inputs": {
                "from": "@body('Filter_array_with_failed_status')",
                "format": "HTML",
                "columns": [
                  {
                    "header": "Action",
                    "value": "@item()?['name']"
                  },
                  {
                    "header": "Status",
                    "value": "@item()?['status']"
                  },
                  {
                    "header": "ErrorMessage",
                    "value": "@item()?['error']?['message']"
                  }
                ]
              }
            },
            "Send_error_via_email": {
              "runAfter": {
                "Create_error_table": [
                  "Succeeded"
                ]
              },
              "metadata": {
                "operationMetadataId": "b2fe7314-ebeb-4c6c-8419-92449d9bddc2"
              },
              "type": "OpenApiConnection",
              "inputs": {
                "host": {
                  "connectionName": "shared_office365_1",
                  "operationId": "SendEmailV2",
                  "apiId": "/providers/Microsoft.PowerApps/apis/shared_office365"
                },
                "parameters": {
                  "emailMessage/To": "@first(outputs('Get_Mail_List')?['body/value'])?['ey_value']",
                  "emailMessage/Subject": "Ticket_Move_To_Closed_Status flow failed",
                  "emailMessage/Body": "<style>\ntable, td, th{\nborder: 1px solid #ddd;\ntext-align: left;\n}\n\ntable{\nborder-collapse: collapse;\nwidth: 100%;\n}\n\nth,td{\npadding: 15px;\n}\n\n</style>\n<p>\nHi,\n<br/>\nPlease find the error details below:\n<br>\n@{body('Create_error_table')}\n\n<br/>\nThanks\n</p>",
                  "emailMessage/Importance": "Normal"
                },
                "authentication": "@parameters('$authentication')"
              }
            },
            "Get_Mail_List": {
              "runAfter": {},
              "metadata": {
                "operationMetadataId": "b5a40fca-eb86-452f-9687-f3da9f884fba"
              },
              "type": "OpenApiConnection",
              "inputs": {
                "host": {
                  "connectionName": "shared_commondataserviceforapps_1",
                  "operationId": "ListRecords",
                  "apiId": "/providers/Microsoft.PowerApps/apis/shared_commondataserviceforapps"
                },
                "parameters": {
                  "entityName": "ey_ticketgeneralconfigurations",
                  "$filter": "ey_name eq 'Error Notification Mail'"
                },
                "authentication": "@parameters('$authentication')"
              }
            }
          },
          "runAfter": {
            "Try": [
              "Failed",
              "Skipped",
              "TimedOut"
            ]
          },
          "metadata": {
            "operationMetadataId": "21cbdcf7-3bed-43f6-9792-39f34563595d"
          },
          "type": "Scope"
        }
      }
    },
    "templateName": ""
  },
  "schemaVersion": "1.0.0.0"
}