{
  "properties": {
    "connectionReferences": {
      "shared_commondataserviceforapps_1": {
        "runtimeSource": "embedded",
        "connection": {
          "connectionReferenceLogicalName": "eyf_sharedcommondataserviceforapps_d1561"
        },
        "api": {
          "name": "shared_commondataserviceforapps"
        }
      },
      "shared_office365_1": {
        "runtimeSource": "embedded",
        "connection": {
          "connectionReferenceLogicalName": "eyf_sharedoffice365_9ad52"
        },
        "api": {
          "name": "shared_office365"
        }
      }
    },
    "definition": {
      "$schema": "https://schema.management.azure.com/providers/Microsoft.Logic/schemas/2016-06-01/workflowdefinition.json#",
      "contentVersion": "1.0.0.0",
      "parameters": {
        "$connections": {
          "defaultValue": {},
          "type": "Object"
        },
        "$authentication": {
          "defaultValue": {},
          "type": "SecureObject"
        }
      },
      "triggers": {
        "When_a_row_is_added,_modified_or_deleted": {
          "metadata": {
            "operationMetadataId": "20a6bd22-4dfb-436d-a84b-44f449b3be27"
          },
          "type": "OpenApiConnectionWebhook",
          "inputs": {
            "host": {
              "connectionName": "shared_commondataserviceforapps_1",
              "operationId": "SubscribeWebhookTrigger",
              "apiId": "/providers/Microsoft.PowerApps/apis/shared_commondataserviceforapps"
            },
            "parameters": {
              "subscriptionRequest/message": 2,
              "subscriptionRequest/entityname": "ey_projectname",
              "subscriptionRequest/scope": 4
            },
            "authentication": "@parameters('$authentication')"
          }
        }
      },
      "actions": {
        "Try": {
          "actions": {
            "List_Of_Projects": {
              "runAfter": {},
              "metadata": {
                "operationMetadataId": "4af242d2-9985-418c-bcfa-e7680d202251"
              },
              "type": "OpenApiConnection",
              "inputs": {
                "host": {
                  "connectionName": "shared_commondataserviceforapps_1",
                  "operationId": "ListRecords",
                  "apiId": "/providers/Microsoft.PowerApps/apis/shared_commondataserviceforapps"
                },
                "parameters": {
                  "entityName": "ey_projectnames"
                },
                "authentication": "@parameters('$authentication')"
              }
            },
            "List_Of_Teams": {
              "runAfter": {
                "List_Of_Projects": [
                  "Succeeded"
                ]
              },
              "metadata": {
                "operationMetadataId": "5b45a37e-62cd-4dd1-ab07-98a80fd1ee75"
              },
              "type": "OpenApiConnection",
              "inputs": {
                "host": {
                  "connectionName": "shared_commondataserviceforapps_1",
                  "operationId": "ListRecords",
                  "apiId": "/providers/Microsoft.PowerApps/apis/shared_commondataserviceforapps"
                },
                "parameters": {
                  "entityName": "teams",
                  "fetchXml": "<fetch no-lock=\"true\">\n  <entity name=\"team\">\n    <attribute name=\"name\" />\n    <link-entity name=\"teamroles\" from=\"teamid\" to=\"teamid\" intersect=\"true\">\n      <link-entity name=\"role\" from=\"roleid\" to=\"roleid\" intersect=\"true\">\n        <filter>\n          <condition attribute=\"name\" operator=\"eq\" value=\"TicketResolverEx\" />\n        </filter>\n      </link-entity>\n    </link-entity>\n  </entity>\n</fetch>"
                },
                "authentication": "@parameters('$authentication')"
              }
            },
            "Looping_Through_Team": {
              "foreach": "@outputs('List_Of_Teams')?['body/value']",
              "actions": {
                "Reset_Flag": {
                  "runAfter": {},
                  "metadata": {
                    "operationMetadataId": "a0fad02c-041c-47c6-aab3-c2d85e98c8f7"
                  },
                  "type": "SetVariable",
                  "inputs": {
                    "name": "Is Available Flag",
                    "value": "@false"
                  }
                },
                "Apply_to_each_Project": {
                  "foreach": "@outputs('List_Of_Projects')?['body/value']",
                  "actions": {
                    "If_Project_is_present": {
                      "actions": {
                        "Set_Flag_to_True": {
                          "runAfter": {},
                          "metadata": {
                            "operationMetadataId": "0aa3458d-168f-478c-9d2b-dd602a435ae5"
                          },
                          "type": "SetVariable",
                          "inputs": {
                            "name": "Is Available Flag",
                            "value": "@true"
                          }
                        }
                      },
                      "runAfter": {},
                      "expression": {
                        "equals": [
                          "@concat(item()['ey_name'],' Team')",
                          "@items('Looping_Through_Team')?['name']"
                        ]
                      },
                      "metadata": {
                        "operationMetadataId": "38b4c81d-b6f7-4114-946c-92fcfe0b5ee1"
                      },
                      "type": "If"
                    }
                  },
                  "runAfter": {
                    "Reset_Flag": [
                      "Succeeded"
                    ]
                  },
                  "metadata": {
                    "operationMetadataId": "f0eb66e2-88de-4e83-943c-f6f244a32748"
                  },
                  "type": "Foreach"
                },
                "If_Team_is_not_found": {
                  "actions": {
                    "Delete_team": {
                      "runAfter": {},
                      "metadata": {
                        "operationMetadataId": "771d76a2-00b9-4962-b14d-979f2cc811c4"
                      },
                      "type": "OpenApiConnection",
                      "inputs": {
                        "host": {
                          "connectionName": "shared_commondataserviceforapps_1",
                          "operationId": "DeleteRecord",
                          "apiId": "/providers/Microsoft.PowerApps/apis/shared_commondataserviceforapps"
                        },
                        "parameters": {
                          "entityName": "teams",
                          "recordId": "@items('Looping_Through_Team')?['teamid']"
                        },
                        "authentication": "@parameters('$authentication')"
                      }
                    }
                  },
                  "runAfter": {
                    "Apply_to_each_Project": [
                      "Succeeded"
                    ]
                  },
                  "expression": {
                    "not": {
                      "equals": [
                        "@variables('Is Available Flag')",
                        "@true"
                      ]
                    }
                  },
                  "metadata": {
                    "operationMetadataId": "d1a314cb-0d05-4575-9494-ff2f54f09281"
                  },
                  "type": "If"
                }
              },
              "runAfter": {
                "List_Of_Teams": [
                  "Succeeded"
                ]
              },
              "metadata": {
                "operationMetadataId": "28caa900-b499-49b9-9176-970b727bd28c"
              },
              "type": "Foreach"
            }
          },
          "runAfter": {
            "Initialize_variable": [
              "Succeeded"
            ]
          },
          "metadata": {
            "operationMetadataId": "2c803b81-00bc-41af-bcfa-3d1c4644fb45"
          },
          "type": "Scope"
        },
        "Catch": {
          "actions": {
            "Get_Mail_List": {
              "runAfter": {},
              "metadata": {
                "operationMetadataId": "7263cb8f-2d1a-40d7-b80d-f9346ccec497"
              },
              "type": "OpenApiConnection",
              "inputs": {
                "host": {
                  "connectionName": "shared_commondataserviceforapps_1",
                  "operationId": "ListRecords",
                  "apiId": "/providers/Microsoft.PowerApps/apis/shared_commondataserviceforapps"
                },
                "parameters": {
                  "entityName": "ey_ticketgeneralconfigurations",
                  "$filter": "ey_name eq 'Error Notification Mail'"
                },
                "authentication": "@parameters('$authentication')"
              }
            },
            "Filter_array_with_failed_status": {
              "runAfter": {
                "Get_Mail_List": [
                  "Succeeded"
                ]
              },
              "metadata": {
                "operationMetadataId": "3e4798a5-f9f1-4b9c-b476-2dbe80c2c45f"
              },
              "type": "Query",
              "inputs": {
                "from": "@result('Try')",
                "where": "@or(equals(item()?['Status'], 'Failed'), equals(item()?['Status'], 'TimedOut'))"
              }
            },
            "Create_error_table": {
              "runAfter": {
                "Filter_array_with_failed_status": [
                  "Succeeded"
                ]
              },
              "metadata": {
                "operationMetadataId": "40c26f18-4366-4be8-8a1d-639c7dae5117"
              },
              "type": "Table",
              "inputs": {
                "from": "@body('Filter_array_with_failed_status')",
                "format": "HTML",
                "columns": [
                  {
                    "header": "Action",
                    "value": "@item()['name']"
                  },
                  {
                    "header": "Status",
                    "value": "@item()['status']"
                  },
                  {
                    "header": "ErrorMessage",
                    "value": "@item()?['error']?['message']"
                  }
                ]
              }
            },
            "Send_an_email_(V2)": {
              "runAfter": {
                "Create_error_table": [
                  "Succeeded"
                ]
              },
              "metadata": {
                "operationMetadataId": "1a68f9c8-f283-4507-a355-920c2fa6d956"
              },
              "type": "OpenApiConnection",
              "inputs": {
                "host": {
                  "connectionName": "shared_office365_1",
                  "operationId": "SendEmailV2",
                  "apiId": "/providers/Microsoft.PowerApps/apis/shared_office365"
                },
                "parameters": {
                  "emailMessage/To": "@first(outputs('Get_Mail_List')?['body/value'])?['ey_value']",
                  "emailMessage/Subject": "Ticket_Delete_Project_Team",
                  "emailMessage/Body": "<p>&lt;style&gt;<br>\ntable, td, th{<br>\nborder: 1px solid #ddd;<br>\ntext-align: left;<br>\n}<br>\n<br>\ntable{<br>\nborder-collapse: collapse;<br>\nwidth: 100%;<br>\n}<br>\n<br>\nth,td{<br>\npadding: 15px;<br>\n}<br>\n<br>\n&lt;/style&gt;<br>\n&lt;p&gt;<br>\nHi,<br>\n&lt;br/&gt;<br>\nPlease find the error details below:<br>\n&lt;br&gt;<br>\n@{body('Create_error_table')}<br>\n<br>\n&lt;br/&gt;<br>\nThanks<br>\n&lt;/p&gt;</p>",
                  "emailMessage/Importance": "Normal"
                },
                "authentication": "@parameters('$authentication')"
              }
            }
          },
          "runAfter": {
            "Try": [
              "Failed",
              "Skipped",
              "TimedOut"
            ]
          },
          "metadata": {
            "operationMetadataId": "b78c640f-442d-42ce-8e1d-50d3986a1f57"
          },
          "type": "Scope"
        },
        "Initialize_variable": {
          "runAfter": {},
          "metadata": {
            "operationMetadataId": "72c841cd-9e6e-4ebd-86e8-7d279c7c2f77"
          },
          "type": "InitializeVariable",
          "inputs": {
            "variables": [
              {
                "name": "Is Available Flag",
                "type": "boolean",
                "value": "@false"
              }
            ]
          }
        }
      }
    },
    "templateName": ""
  },
  "schemaVersion": "1.0.0.0"
}