{
  "properties": {
    "connectionReferences": {
      "shared_commondataserviceforapps": {
        "runtimeSource": "embedded",
        "connection": {
          "connectionReferenceLogicalName": "eyf_sharedcommondataserviceforapps_d1561"
        },
        "api": {
          "name": "shared_commondataserviceforapps"
        }
      },
      "shared_commondataserviceforapps-2": {
        "runtimeSource": "embedded",
        "connection": {
          "connectionReferenceLogicalName": "eyf_sharedcommondataserviceforapps_d1561"
        },
        "api": {
          "name": "shared_commondataserviceforapps"
        }
      },
      "shared_visualstudioteamservices": {
        "runtimeSource": "embedded",
        "connection": {
          "connectionReferenceLogicalName": "ey_sharedvisualstudioteamservices_406b8"
        },
        "api": {
          "name": "shared_visualstudioteamservices"
        }
      },
      "shared_office365": {
        "runtimeSource": "embedded",
        "connection": {
          "connectionReferenceLogicalName": "eyf_sharedoffice365_9ad52"
        },
        "api": {
          "name": "shared_office365"
        }
      },
      "shared_office365_1": {
        "runtimeSource": "embedded",
        "connection": {
          "connectionReferenceLogicalName": "eyf_sharedoffice365_9ad52"
        },
        "api": {
          "name": "shared_office365"
        }
      }
    },
    "definition": {
      "$schema": "https://schema.management.azure.com/providers/Microsoft.Logic/schemas/2016-06-01/workflowdefinition.json#",
      "contentVersion": "1.0.0.0",
      "parameters": {
        "$connections": {
          "defaultValue": {},
          "type": "Object"
        },
        "$authentication": {
          "defaultValue": {},
          "type": "SecureObject"
        }
      },
      "triggers": {
        "When_a_row_is_added,_modified_or_deleted": {
          "metadata": {
            "operationMetadataId": "68fa9e0d-5bcf-4787-976b-5cd8cd626a8b"
          },
          "type": "OpenApiConnectionWebhook",
          "inputs": {
            "parameters": {
              "subscriptionRequest/message": 3,
              "subscriptionRequest/entityname": "crd25_tbl_servicecasemanagement",
              "subscriptionRequest/scope": 4,
              "subscriptionRequest/filteringattributes": "ey_assignedto",
              "subscriptionRequest/name": "aa0a6493-473c-ee11-bdf4-000d3a1a0098"
            },
            "host": {
              "connectionName": "shared_commondataserviceforapps",
              "operationId": "SubscribeWebhookTrigger",
              "apiId": "/providers/Microsoft.PowerApps/apis/shared_commondataserviceforapps"
            }
          }
        }
      },
      "actions": {
        "Try": {
          "actions": {
            "Get_Ticket_Details": {
              "runAfter": {
                "Update_previousAssignedTo": [
                  "Succeeded"
                ]
              },
              "metadata": {
                "operationMetadataId": "adf2f721-fc1c-47de-b55d-b9c45711b24b"
              },
              "type": "OpenApiConnection",
              "inputs": {
                "parameters": {
                  "entityName": "crd25_tbl_servicecasemanagements",
                  "recordId": "@triggerOutputs()?['body/crd25_tbl_servicecasemanagementid']"
                },
                "host": {
                  "connectionName": "shared_commondataserviceforapps",
                  "operationId": "GetItem",
                  "apiId": "/providers/Microsoft.PowerApps/apis/shared_commondataserviceforapps"
                }
              }
            },
            "List_rows_-_Ticket_Project": {
              "runAfter": {
                "Get_Ticket_Details": [
                  "Succeeded"
                ]
              },
              "metadata": {
                "operationMetadataId": "50ecc9c9-c61b-4ad4-ae3b-6de02dfcf320"
              },
              "type": "OpenApiConnection",
              "inputs": {
                "parameters": {
                  "entityName": "ey_projectnames",
                  "$filter": "ey_name eq '@{outputs('Get_Ticket_Details')?['body/_ey_project_value@OData.Community.Display.V1.FormattedValue']}'",
                  "$top": 1
                },
                "host": {
                  "connectionName": "shared_commondataserviceforapps-2",
                  "operationId": "ListRecords",
                  "apiId": "/providers/Microsoft.PowerApps/apis/shared_commondataserviceforapps"
                }
              }
            },
            "Get_a_row_by_ID_-_Ticket_Project": {
              "runAfter": {
                "List_rows_-_Ticket_Project": [
                  "Succeeded"
                ]
              },
              "metadata": {
                "operationMetadataId": "100b2f89-d229-4c61-9f18-6f5f417e39f7"
              },
              "type": "OpenApiConnection",
              "inputs": {
                "parameters": {
                  "entityName": "ey_projectnames",
                  "recordId": "@first(outputs('List_rows_-_Ticket_Project')?['body/value'])?['ey_projectnameid']"
                },
                "host": {
                  "connectionName": "shared_commondataserviceforapps-2",
                  "operationId": "GetItem",
                  "apiId": "/providers/Microsoft.PowerApps/apis/shared_commondataserviceforapps"
                }
              }
            },
            "Compose": {
              "runAfter": {
                "Get_a_row_by_ID_-_Ticket_Project": [
                  "Succeeded"
                ]
              },
              "metadata": {
                "operationMetadataId": "20ee96bf-45cf-4c61-a48e-bc3ec89889fb"
              },
              "type": "Compose",
              "inputs": "@first(split(outputs('Get_Ticket_Details')?['body/@odata.id'], '/api/'))"
            },
            "Retrieve_appmodule": {
              "runAfter": {
                "Compose": [
                  "Succeeded"
                ]
              },
              "metadata": {
                "operationMetadataId": "156051b2-c3b0-4a99-843a-b39a6adb189a"
              },
              "type": "OpenApiConnection",
              "inputs": {
                "parameters": {
                  "entityName": "appmodules",
                  "$filter": "name eq 'Service Case Management App'",
                  "$top": 1
                },
                "host": {
                  "connectionName": "shared_commondataserviceforapps",
                  "operationId": "ListRecords",
                  "apiId": "/providers/Microsoft.PowerApps/apis/shared_commondataserviceforapps"
                }
              }
            },
            "Condition": {
              "actions": {
                "Update_a_work_item": {
                  "runAfter": {
                    "Get_a_row_by_ID_-_ADO_Connector": [
                      "Succeeded"
                    ]
                  },
                  "metadata": {
                    "operationMetadataId": "ee0825f4-7ebf-4cfb-886d-76a0fb5666a9"
                  },
                  "type": "OpenApiConnection",
                  "inputs": {
                    "host": {
                      "connectionName": "shared_visualstudioteamservices",
                      "operationId": "UpdateWorkItem",
                      "apiId": "/providers/Microsoft.PowerApps/apis/shared_visualstudioteamservices"
                    },
                    "parameters": {
                      "account": "@outputs('Get_a_row_by_ID_-_ADO_Connector')?['body/ey_adoorganization']",
                      "id": "@outputs('Get_Ticket_Details')?['body/ey_workitemid']",
                      "workItem/userEnteredFields": {
                        "Assigned To": "@{body('Get_Assignee_Details')?['internalemailaddress']}"
                      }
                    },
                    "authentication": "@parameters('$authentication')"
                  }
                },
                "Get_a_row_by_ID_-_ADO_Connector": {
                  "runAfter": {},
                  "metadata": {
                    "operationMetadataId": "fa056278-04e3-4444-99d3-77abbcb3e7f2"
                  },
                  "type": "OpenApiConnection",
                  "inputs": {
                    "parameters": {
                      "entityName": "ey_adoconnectors",
                      "recordId": "@outputs('Get_a_row_by_ID_-_Ticket_Project')?['body/_ey_adoproject_value']"
                    },
                    "host": {
                      "connectionName": "shared_commondataserviceforapps",
                      "operationId": "GetItem",
                      "apiId": "/providers/Microsoft.PowerApps/apis/shared_commondataserviceforapps"
                    }
                  }
                }
              },
              "runAfter": {
                "Retrieve_appmodule": [
                  "Succeeded"
                ]
              },
              "expression": {
                "and": [
                  {
                    "not": {
                      "equals": [
                        "@body('Get_Ticket_Details')?['ey_workitemid']",
                        "@null"
                      ]
                    }
                  }
                ]
              },
              "metadata": {
                "operationMetadataId": "f6b878da-99f7-464f-bce1-40869ebcb095"
              },
              "type": "If"
            },
            "Send_an_email_to_assignee": {
              "runAfter": {
                "Condition": [
                  "Succeeded"
                ]
              },
              "metadata": {
                "operationMetadataId": "94bf2bd4-6653-4320-aa7d-027b8f74d28f"
              },
              "type": "OpenApiConnection",
              "inputs": {
                "host": {
                  "connectionName": "shared_office365",
                  "operationId": "SendEmailV2",
                  "apiId": "/providers/Microsoft.PowerApps/apis/shared_office365"
                },
                "parameters": {
                  "emailMessage/To": "@body('Get_Ticket_Details')?['crd25_col_authoremail']",
                  "emailMessage/Subject": "Case: @{outputs('Get_Ticket_Details')?['body/crd25_col_ticketid']}",
                  "emailMessage/Body": "<p><span style=\"white-space: pre-wrap;\">Ticket </span>@{outputs('Get_Ticket_Details')?['body/crd25_col_ticketid']}<span style=\"white-space: pre-wrap;\"> has been assigned to </span>@{body('Get_Assignee_Details')?['fullname']}<span style=\"white-space: pre-wrap;\">.</span></p><p><span style=\"white-space: pre-wrap;\">• </span><b><strong style=\"white-space: pre-wrap;\">Project:</strong></b><span style=\"white-space: pre-wrap;\"> </span>@{outputs('Get_Ticket_Details')?['body/_ey_project_value@OData.Community.Display.V1.FormattedValue']}</p><p><span style=\"white-space: pre-wrap;\">• </span><b><strong style=\"white-space: pre-wrap;\">Description:</strong></b><span style=\"white-space: pre-wrap;\"> </span>@{outputs('Get_Ticket_Details')?['body/crd25_col_ticketdescription']}</p>",
                  "emailMessage/Cc": "@body('Get_Assignee_Details')?['internalemailaddress']",
                  "emailMessage/Importance": "Normal"
                },
                "authentication": "@parameters('$authentication')"
              }
            },
            "Check_if_it_was_assigned_to_someone_else": {
              "actions": {
                "Revoke_access_to_Old_Assigned_To": {
                  "runAfter": {},
                  "metadata": {
                    "operationMetadataId": "8c33a077-9008-412f-a2ef-7ac9c400430f"
                  },
                  "type": "OpenApiConnection",
                  "inputs": {
                    "parameters": {
                      "actionName": "RevokeAccess",
                      "item/Target": "crd25_tbl_servicecasemanagements(@{triggerBody()?['crd25_tbl_servicecasemanagementid']})",
                      "item/Revokee": "systemusers(@{triggerBody()?['ey_previousassignto']})"
                    },
                    "host": {
                      "connectionName": "shared_commondataserviceforapps-2",
                      "operationId": "PerformUnboundAction",
                      "apiId": "/providers/Microsoft.PowerApps/apis/shared_commondataserviceforapps"
                    }
                  }
                }
              },
              "runAfter": {
                "Assigned_To_Not_Empty": [
                  "Succeeded"
                ]
              },
              "expression": {
                "and": [
                  {
                    "not": {
                      "equals": [
                        "@triggerBody()?['ey_previousassignto']",
                        "@null"
                      ]
                    }
                  }
                ]
              },
              "metadata": {
                "operationMetadataId": "73eb58d8-4b6d-45d3-98e3-17b1ee6622e9"
              },
              "type": "If"
            },
            "Update_previousAssignedTo": {
              "runAfter": {
                "Check_if_it_was_assigned_to_someone_else": [
                  "Succeeded"
                ]
              },
              "metadata": {
                "operationMetadataId": "514dc471-e737-4b9b-9993-80c424f82345"
              },
              "type": "OpenApiConnection",
              "inputs": {
                "parameters": {
                  "entityName": "crd25_tbl_servicecasemanagements",
                  "recordId": "@triggerBody()?['crd25_tbl_servicecasemanagementid']",
                  "item/ey_previousassignto": "@triggerBody()?['_ey_assignedto_value']"
                },
                "host": {
                  "connectionName": "shared_commondataserviceforapps",
                  "operationId": "UpdateRecord",
                  "apiId": "/providers/Microsoft.PowerApps/apis/shared_commondataserviceforapps"
                }
              }
            },
            "Assigned_To_Not_Empty": {
              "actions": {
                "Get_Assignee_Details": {
                  "runAfter": {
                    "Grant_Access_to_new_Assign_to": [
                      "Succeeded"
                    ]
                  },
                  "metadata": {
                    "operationMetadataId": "e53eb48e-26a0-4098-8f3b-de00b880b617"
                  },
                  "type": "OpenApiConnection",
                  "inputs": {
                    "parameters": {
                      "entityName": "systemusers",
                      "recordId": "@triggerBody()?['_ey_assignedto_value']"
                    },
                    "host": {
                      "connectionName": "shared_commondataserviceforapps",
                      "operationId": "GetItem",
                      "apiId": "/providers/Microsoft.PowerApps/apis/shared_commondataserviceforapps"
                    }
                  }
                },
                "Access_JSON": {
                  "runAfter": {},
                  "metadata": {
                    "operationMetadataId": "ea6c74af-0916-4bee-8d6c-db9bb0d086a4"
                  },
                  "type": "Compose",
                  "inputs": {
                    "Principal": {
                      "systemuserid": "@{triggerBody()?['_ey_assignedto_value']}",
                      "@{variables('At')}odata.type": "Microsoft.Dynamics.CRM.systemuser"
                    },
                    "AccessMask": "ReadAccess,WriteAccess,AppendAccess,AppendToAccess"
                  }
                },
                "Grant_Access_to_new_Assign_to": {
                  "runAfter": {
                    "Access_JSON": [
                      "Succeeded"
                    ]
                  },
                  "metadata": {
                    "operationMetadataId": "c561ba4d-ed46-4160-94cb-542b5175b9aa"
                  },
                  "type": "OpenApiConnection",
                  "inputs": {
                    "parameters": {
                      "actionName": "GrantAccess",
                      "item/Target": "crd25_tbl_servicecasemanagements(@{triggerBody()?['crd25_tbl_servicecasemanagementid']})",
                      "item/PrincipalAccess": "@outputs('Access_JSON')"
                    },
                    "host": {
                      "connectionName": "shared_commondataserviceforapps-2",
                      "operationId": "PerformUnboundAction",
                      "apiId": "/providers/Microsoft.PowerApps/apis/shared_commondataserviceforapps"
                    }
                  }
                }
              },
              "runAfter": {},
              "expression": {
                "and": [
                  {
                    "not": {
                      "equals": [
                        "@triggerBody()?['_ey_assignedto_value']",
                        "@null"
                      ]
                    }
                  }
                ]
              },
              "metadata": {
                "operationMetadataId": "0f5695e8-59ba-48f7-9a56-3d0d27a0d790"
              },
              "type": "If"
            }
          },
          "runAfter": {
            "Initialize_variable": [
              "Succeeded"
            ]
          },
          "metadata": {
            "operationMetadataId": "2a074254-1600-477a-8984-3a4aced14a0d"
          },
          "type": "Scope"
        },
        "Catch": {
          "actions": {
            "Filter_array_with_failed_status": {
              "runAfter": {
                "Get_Mail_List": [
                  "Succeeded"
                ]
              },
              "metadata": {
                "operationMetadataId": "d0ff64a0-5605-4022-b21c-86c2f16f7ce6"
              },
              "type": "Query",
              "inputs": {
                "from": "@result('Try')",
                "where": "@or(equals(item()?['Status'], 'Failed'), equals(item()?['Status'], 'TimedOut'))"
              }
            },
            "Create_error_table": {
              "runAfter": {
                "Filter_array_with_failed_status": [
                  "Succeeded"
                ]
              },
              "metadata": {
                "operationMetadataId": "4601f7d6-6c68-40b6-a1e4-ea6a3fc79ca4"
              },
              "type": "Table",
              "inputs": {
                "from": "@body('Filter_array_with_failed_status')",
                "format": "HTML",
                "columns": [
                  {
                    "header": "Action",
                    "value": "@item()?['name']"
                  },
                  {
                    "header": "Status",
                    "value": "@item()?['status']"
                  },
                  {
                    "header": "ErrorMessage",
                    "value": "@{item()?['outputs']?['body']?['error']?['message']}@{item()?['error']?['message']}"
                  }
                ]
              }
            },
            "Send_error_via_email": {
              "runAfter": {
                "Create_error_table": [
                  "Succeeded"
                ]
              },
              "metadata": {
                "operationMetadataId": "b2fe7314-ebeb-4c6c-8419-92449d9bddc2"
              },
              "type": "OpenApiConnection",
              "inputs": {
                "host": {
                  "connectionName": "shared_office365_1",
                  "operationId": "SendEmailV2",
                  "apiId": "/providers/Microsoft.PowerApps/apis/shared_office365"
                },
                "parameters": {
                  "emailMessage/To": "@first(outputs('Get_Mail_List')?['body/value'])?['ey_value']",
                  "emailMessage/Subject": "Ticket_AssignedTo_Notification flow failed",
                  "emailMessage/Body": "<style>\ntable, td, th{\nborder: 1px solid #ddd;\ntext-align: left;\n}\n\ntable{\nborder-collapse: collapse;\nwidth: 100%;\n}\n\nth,td{\npadding: 15px;\n}\n\n</style>\n<p>\nHi,\n<br/>\nPlease find the error details below:\n<br>\n@{body('Create_error_table')}\n\n<br/>\nThanks\n</p>",
                  "emailMessage/Importance": "Normal"
                },
                "authentication": "@parameters('$authentication')"
              }
            },
            "Get_Mail_List": {
              "runAfter": {},
              "metadata": {
                "operationMetadataId": "663349b3-9aea-47e0-9ffb-d721fc4db202"
              },
              "type": "OpenApiConnection",
              "inputs": {
                "parameters": {
                  "entityName": "ey_ticketgeneralconfigurations",
                  "$filter": "ey_name eq 'Error Notification Mail'"
                },
                "host": {
                  "connectionName": "shared_commondataserviceforapps",
                  "operationId": "ListRecords",
                  "apiId": "/providers/Microsoft.PowerApps/apis/shared_commondataserviceforapps"
                }
              }
            }
          },
          "runAfter": {
            "Try": [
              "Failed",
              "Skipped",
              "TimedOut"
            ]
          },
          "metadata": {
            "operationMetadataId": "21cbdcf7-3bed-43f6-9792-39f34563595d"
          },
          "type": "Scope"
        },
        "Initialize_variable": {
          "runAfter": {},
          "metadata": {
            "operationMetadataId": "198ddf89-c620-45ec-a80e-12d5ab7f3065"
          },
          "type": "InitializeVariable",
          "inputs": {
            "variables": [
              {
                "name": "At",
                "type": "string",
                "value": "@"
              }
            ]
          }
        }
      }
    },
    "templateName": ""
  },
  "schemaVersion": "1.0.0.0"
}