{
  "properties": {
    "connectionReferences": {
      "shared_commondataserviceforapps_1": {
        "runtimeSource": "embedded",
        "connection": {
          "connectionReferenceLogicalName": "eyf_sharedcommondataserviceforapps_d1561"
        },
        "api": {
          "name": "shared_commondataserviceforapps"
        }
      },
      "shared_office365_1": {
        "runtimeSource": "embedded",
        "connection": {
          "connectionReferenceLogicalName": "eyf_sharedoffice365_9ad52"
        },
        "api": {
          "name": "shared_office365"
        }
      }
    },
    "definition": {
      "$schema": "https://schema.management.azure.com/providers/Microsoft.Logic/schemas/2016-06-01/workflowdefinition.json#",
      "contentVersion": "1.0.0.0",
      "parameters": {
        "$connections": {
          "defaultValue": {},
          "type": "Object"
        },
        "$authentication": {
          "defaultValue": {},
          "type": "SecureObject"
        }
      },
      "triggers": {
        "manual": {
          "metadata": {
            "operationMetadataId": "0b1f7198-c7d5-45be-9825-30aeaf758ee3"
          },
          "type": "Request",
          "kind": "PowerAppV2",
          "inputs": {
            "schema": {
              "type": "object",
              "properties": {
                "text": {
                  "title": "UserEmail",
                  "type": "string",
                  "x-ms-dynamically-added": true,
                  "description": "Please enter your input",
                  "x-ms-content-hint": "TEXT"
                },
                "text_1": {
                  "title": "SecurityRole",
                  "type": "string",
                  "x-ms-dynamically-added": true,
                  "description": "Please enter your input",
                  "x-ms-content-hint": "TEXT"
                }
              },
              "required": [
                "text",
                "text_1"
              ]
            }
          }
        }
      },
      "actions": {
        "Initialize_variable": {
          "runAfter": {},
          "metadata": {
            "operationMetadataId": "9887d7f2-35d6-4047-851a-9cab70c82f96"
          },
          "type": "InitializeVariable",
          "inputs": {
            "variables": [
              {
                "name": "isRoleAssigned",
                "type": "string",
                "value": "false"
              }
            ]
          }
        },
        "Try": {
          "actions": {
            "Get_Role_ID": {
              "runAfter": {},
              "metadata": {
                "operationMetadataId": "8d5ecdf5-c501-4bdb-9a83-201619c0a8ad"
              },
              "type": "OpenApiConnection",
              "inputs": {
                "parameters": {
                  "entityName": "roles",
                  "$filter": "name eq '@{triggerBody()['text_1']}'"
                },
                "host": {
                  "connectionName": "shared_commondataserviceforapps_1",
                  "operationId": "ListRecords",
                  "apiId": "/providers/Microsoft.PowerApps/apis/shared_commondataserviceforapps"
                }
              }
            },
            "Get_User_Id": {
              "runAfter": {
                "Get_Role_ID": [
                  "Succeeded"
                ]
              },
              "metadata": {
                "operationMetadataId": "a74d23d5-e310-4b49-93be-5a5ff6cbe13a"
              },
              "type": "OpenApiConnection",
              "inputs": {
                "parameters": {
                  "entityName": "systemusers",
                  "$select": "fullname,internalemailaddress",
                  "$filter": "contains(internalemailaddress, '@{triggerBody()['text']}')",
                  "$expand": "systemuserroles_association($select=name,roleid)",
                  "$top": 1
                },
                "host": {
                  "connectionName": "shared_commondataserviceforapps_1",
                  "operationId": "ListRecords",
                  "apiId": "/providers/Microsoft.PowerApps/apis/shared_commondataserviceforapps"
                }
              }
            },
            "Get_canvas_app_link": {
              "runAfter": {
                "Get_User_Id": [
                  "Succeeded"
                ]
              },
              "metadata": {
                "operationMetadataId": "2f1a537b-89ea-48af-a3ba-e0547458f527"
              },
              "type": "OpenApiConnection",
              "inputs": {
                "parameters": {
                  "entityName": "ey_ticketgeneralconfigurations",
                  "$filter": "ey_name eq 'Canvas App Link'",
                  "$top": 1
                },
                "host": {
                  "connectionName": "shared_commondataserviceforapps_1",
                  "operationId": "ListRecords",
                  "apiId": "/providers/Microsoft.PowerApps/apis/shared_commondataserviceforapps"
                }
              }
            },
            "Check_If_User_has_any_role": {
              "actions": {
                "Set_isRoleAssigned_to_true": {
                  "runAfter": {
                    "Assign_Role_to_User": [
                      "Succeeded"
                    ]
                  },
                  "metadata": {
                    "operationMetadataId": "36905832-aa5b-443b-a0fa-62eedf1d32f9"
                  },
                  "type": "SetVariable",
                  "inputs": {
                    "name": "isRoleAssigned",
                    "value": "true"
                  }
                },
                "Assign_Role_to_User": {
                  "runAfter": {},
                  "metadata": {
                    "operationMetadataId": "170796b7-e6a1-4cfa-b3be-df94d52121ac"
                  },
                  "type": "OpenApiConnection",
                  "inputs": {
                    "parameters": {
                      "entityName": "systemusers",
                      "recordId": "@first(outputs('Get_User_Id')?['body/value'])?['systemuserid']",
                      "associationEntityRelationship": "systemuserroles_association",
                      "item/@odata.id": "@first(outputs('Get_Role_ID')?['body/value'])?['@odata.id']"
                    },
                    "host": {
                      "connectionName": "shared_commondataserviceforapps_1",
                      "operationId": "AssociateEntities",
                      "apiId": "/providers/Microsoft.PowerApps/apis/shared_commondataserviceforapps"
                    }
                  }
                }
              },
              "runAfter": {
                "Get_canvas_app_link": [
                  "Succeeded"
                ]
              },
              "else": {
                "actions": {
                  "Filter_TicketUser_Role": {
                    "runAfter": {},
                    "metadata": {
                      "operationMetadataId": "e607a142-f009-46cd-a9a5-fd46ca2907be"
                    },
                    "type": "Query",
                    "inputs": {
                      "from": "@first(outputs('Get_User_Id')?['body/value'])?['systemuserroles_association']",
                      "where": "@equals(item()?['name'], 'TicketUser')"
                    }
                  },
                  "Check_if_the_User_has_TicketUser_Role": {
                    "actions": {
                      "Assign_Role_to_User_2": {
                        "runAfter": {},
                        "metadata": {
                          "operationMetadataId": "170796b7-e6a1-4cfa-b3be-df94d52121ac"
                        },
                        "type": "OpenApiConnection",
                        "inputs": {
                          "parameters": {
                            "entityName": "systemusers",
                            "recordId": "@first(outputs('Get_User_Id')?['body/value'])?['systemuserid']",
                            "associationEntityRelationship": "systemuserroles_association",
                            "item/@odata.id": "@first(outputs('Get_Role_ID')?['body/value'])?['@odata.id']"
                          },
                          "host": {
                            "connectionName": "shared_commondataserviceforapps_1",
                            "operationId": "AssociateEntities",
                            "apiId": "/providers/Microsoft.PowerApps/apis/shared_commondataserviceforapps"
                          }
                        }
                      },
                      "Set_isRoleAssigned_to_true_2": {
                        "runAfter": {
                          "Assign_Role_to_User_2": [
                            "Succeeded"
                          ]
                        },
                        "metadata": {
                          "operationMetadataId": "8b464400-d35e-4005-8ee3-0e0b659dee73"
                        },
                        "type": "SetVariable",
                        "inputs": {
                          "name": "isRoleAssigned",
                          "value": "true"
                        }
                      }
                    },
                    "runAfter": {
                      "Filter_TicketUser_Role": [
                        "Succeeded"
                      ]
                    },
                    "else": {
                      "actions": {
                        "Set_isRoleAssigned_to_false_2": {
                          "runAfter": {},
                          "metadata": {
                            "operationMetadataId": "728bfd55-111f-4af6-86b4-dd33058b389e"
                          },
                          "type": "SetVariable",
                          "inputs": {
                            "name": "isRoleAssigned",
                            "value": "false"
                          }
                        }
                      }
                    },
                    "expression": {
                      "equals": [
                        "@length(body('Filter_TicketUser_Role'))",
                        0
                      ]
                    },
                    "metadata": {
                      "operationMetadataId": "6f9e30ff-3094-4c20-a34e-0841ee6bbe34"
                    },
                    "type": "If"
                  }
                }
              },
              "expression": {
                "equals": [
                  "@length(first(outputs('Get_User_Id')?['body/value'])?['systemuserroles_association'])",
                  0
                ]
              },
              "metadata": {
                "operationMetadataId": "90c89a80-cfb6-47ed-affc-88b15ccc7c7e"
              },
              "type": "If"
            },
            "Respond_to_a_PowerApp_or_flow": {
              "runAfter": {
                "Do_until": [
                  "Succeeded"
                ]
              },
              "metadata": {
                "operationMetadataId": "8b156031-b5ef-4500-b215-e5e1fa785cfa"
              },
              "type": "Response",
              "kind": "PowerApp",
              "inputs": {
                "statusCode": 200,
                "body": {
                  "status": "@variables('isRoleAssigned')",
                  "canvasapplink": "@{first(outputs('Get_canvas_app_link')?['body/value'])?['ey_value']}"
                },
                "schema": {
                  "type": "object",
                  "properties": {
                    "status": {
                      "title": "Status",
                      "x-ms-dynamically-added": true,
                      "type": "string"
                    },
                    "canvasapplink": {
                      "title": "CanvasAppLink",
                      "x-ms-dynamically-added": true,
                      "type": "string"
                    }
                  }
                }
              }
            },
            "Do_until": {
              "actions": {
                "Get_User_Roles": {
                  "runAfter": {},
                  "metadata": {
                    "operationMetadataId": "a74d23d5-e310-4b49-93be-5a5ff6cbe13a"
                  },
                  "type": "OpenApiConnection",
                  "inputs": {
                    "parameters": {
                      "entityName": "systemusers",
                      "$select": "fullname,internalemailaddress",
                      "$filter": "contains(internalemailaddress, '@{triggerBody()['text']}')",
                      "$expand": "systemuserroles_association($select=name,roleid)",
                      "$top": 1
                    },
                    "host": {
                      "connectionName": "shared_commondataserviceforapps_1",
                      "operationId": "ListRecords",
                      "apiId": "/providers/Microsoft.PowerApps/apis/shared_commondataserviceforapps"
                    }
                  }
                },
                "Filter_TicketUser_Role_from_User_Roles": {
                  "runAfter": {
                    "Get_User_Roles": [
                      "Succeeded"
                    ]
                  },
                  "metadata": {
                    "operationMetadataId": "e607a142-f009-46cd-a9a5-fd46ca2907be"
                  },
                  "type": "Query",
                  "inputs": {
                    "from": "@first(outputs('Get_User_Roles')?['body/value'])?['systemuserroles_association']",
                    "where": "@equals(item()?['name'], 'TicketUser')"
                  }
                },
                "Check_if_user_has_Ticket_User_Role": {
                  "actions": {
                    "Set_flag_as_true": {
                      "runAfter": {},
                      "metadata": {
                        "operationMetadataId": "a36dd575-070e-45ab-aaf4-af9e33df198a"
                      },
                      "type": "SetVariable",
                      "inputs": {
                        "name": "flag",
                        "value": true
                      }
                    }
                  },
                  "runAfter": {
                    "Filter_TicketUser_Role_from_User_Roles": [
                      "Succeeded"
                    ]
                  },
                  "else": {
                    "actions": {
                      "Set_flag_as_false": {
                        "runAfter": {},
                        "metadata": {
                          "operationMetadataId": "ba54ce4d-c37f-4fe7-9d88-77f1ee6575b6"
                        },
                        "type": "SetVariable",
                        "inputs": {
                          "name": "flag",
                          "value": true
                        }
                      }
                    }
                  },
                  "expression": {
                    "and": [
                      {
                        "greater": [
                          "@length(body('Filter_TicketUser_Role_from_User_Roles'))",
                          0
                        ]
                      }
                    ]
                  },
                  "metadata": {
                    "operationMetadataId": "81084e2d-d7f8-49be-a09c-459c98b56cfd"
                  },
                  "type": "If"
                }
              },
              "runAfter": {
                "Check_If_User_has_any_role": [
                  "Succeeded"
                ]
              },
              "expression": "@equals(variables('flag'),true)",
              "limit": {
                "count": 60,
                "timeout": "PT1H"
              },
              "metadata": {
                "operationMetadataId": "c5cce653-3d15-4b56-bd2a-fa0ed4c955b9"
              },
              "type": "Until"
            }
          },
          "runAfter": {
            "Initialize_variable_Flag": [
              "Succeeded"
            ]
          },
          "metadata": {
            "operationMetadataId": "7f6f8665-8bae-48b9-82a9-4d6b179c3cdb"
          },
          "type": "Scope"
        },
        "Catch": {
          "actions": {
            "Create_error_table": {
              "runAfter": {
                "Filter_array_with_failed_status": [
                  "Succeeded"
                ]
              },
              "metadata": {
                "operationMetadataId": "4601f7d6-6c68-40b6-a1e4-ea6a3fc79ca4"
              },
              "type": "Table",
              "inputs": {
                "from": "@body('Filter_array_with_failed_status')",
                "format": "HTML",
                "columns": [
                  {
                    "header": "Action",
                    "value": "@item()?['name']"
                  },
                  {
                    "header": "Status",
                    "value": "@item()?['status']"
                  },
                  {
                    "header": "ErrorMessage",
                    "value": "@{item()?['error']?['message']}@{item()?['outputs']?['body']?['error']?['message']}"
                  }
                ]
              }
            },
            "Send_error_via_email": {
              "runAfter": {
                "Create_error_table": [
                  "Succeeded"
                ]
              },
              "metadata": {
                "operationMetadataId": "b2fe7314-ebeb-4c6c-8419-92449d9bddc2"
              },
              "type": "OpenApiConnection",
              "inputs": {
                "host": {
                  "connectionName": "shared_office365_1",
                  "operationId": "SendEmailV2",
                  "apiId": "/providers/Microsoft.PowerApps/apis/shared_office365"
                },
                "parameters": {
                  "emailMessage/To": "@first(outputs('Get_Mail_List')?['body/value'])?['ey_value']",
                  "emailMessage/Subject": "Ticket_Assign_SecurityRoles_User flow failed",
                  "emailMessage/Body": "<style>\ntable, td, th{\nborder: 1px solid #ddd;\ntext-align: left;\n}\n\ntable{\nborder-collapse: collapse;\nwidth: 100%;\n}\n\nth,td{\npadding: 15px;\n}\n\n</style>\n<p>\nHi,\n<br/>\nPlease find the error details below:\n<br>\n@{body('Create_error_table')}\n\n<br/>\nThanks\n</p>",
                  "emailMessage/Importance": "Normal"
                },
                "authentication": "@parameters('$authentication')"
              }
            },
            "Get_Mail_List": {
              "runAfter": {},
              "metadata": {
                "operationMetadataId": "b5a40fca-eb86-452f-9687-f3da9f884fba"
              },
              "type": "OpenApiConnection",
              "inputs": {
                "parameters": {
                  "entityName": "ey_ticketgeneralconfigurations",
                  "$filter": "ey_name eq 'Error Notification Mail'"
                },
                "host": {
                  "connectionName": "shared_commondataserviceforapps_1",
                  "operationId": "ListRecords",
                  "apiId": "/providers/Microsoft.PowerApps/apis/shared_commondataserviceforapps"
                }
              }
            },
            "Filter_array_with_failed_status": {
              "runAfter": {
                "Get_Mail_List": [
                  "Succeeded"
                ]
              },
              "metadata": {
                "operationMetadataId": "d0ff64a0-5605-4022-b21c-86c2f16f7ce6"
              },
              "type": "Query",
              "inputs": {
                "from": "@result('Try')",
                "where": "@or(equals(item()?['Status'], 'Failed'), equals(item()?['Status'], 'TimedOut'))"
              }
            }
          },
          "runAfter": {
            "Try": [
              "Skipped",
              "Failed",
              "TimedOut"
            ]
          },
          "metadata": {
            "operationMetadataId": "21cbdcf7-3bed-43f6-9792-39f34563595d"
          },
          "type": "Scope"
        },
        "Initialize_variable_Flag": {
          "runAfter": {
            "Initialize_variable": [
              "Succeeded"
            ]
          },
          "metadata": {
            "operationMetadataId": "819cabbd-a1b6-4c90-bc62-81f55cd9dc46"
          },
          "type": "InitializeVariable",
          "inputs": {
            "variables": [
              {
                "name": "flag",
                "type": "boolean",
                "value": false
              }
            ]
          }
        }
      }
    },
    "templateName": ""
  },
  "schemaVersion": "1.0.0.0"
}