{
  "properties": {
    "connectionReferences": {
      "shared_commondataserviceforapps-2": {
        "runtimeSource": "embedded",
        "connection": {
          "connectionReferenceLogicalName": "eyf_sharedcommondataserviceforapps_d1561"
        },
        "api": {
          "name": "shared_commondataserviceforapps"
        }
      },
      "shared_office365": {
        "runtimeSource": "embedded",
        "connection": {
          "connectionReferenceLogicalName": "eyf_sharedoffice365_9ad52"
        },
        "api": {
          "name": "shared_office365"
        }
      },
      "shared_commondataserviceforapps": {
        "runtimeSource": "embedded",
        "connection": {
          "connectionReferenceLogicalName": "eyf_sharedcommondataserviceforapps_d1561"
        },
        "api": {
          "name": "shared_commondataserviceforapps"
        }
      }
    },
    "definition": {
      "$schema": "https://schema.management.azure.com/providers/Microsoft.Logic/schemas/2016-06-01/workflowdefinition.json#",
      "contentVersion": "1.0.0.0",
      "parameters": {
        "$connections": {
          "defaultValue": {},
          "type": "Object"
        },
        "$authentication": {
          "defaultValue": {},
          "type": "SecureObject"
        }
      },
      "triggers": {
        "When_a_row_is_added,_modified_or_deleted": {
          "metadata": {
            "operationMetadataId": "d7613722-912d-4e19-a6bf-586e868bb496"
          },
          "type": "OpenApiConnectionWebhook",
          "inputs": {
            "host": {
              "connectionName": "shared_commondataserviceforapps",
              "operationId": "SubscribeWebhookTrigger",
              "apiId": "/providers/Microsoft.PowerApps/apis/shared_commondataserviceforapps"
            },
            "parameters": {
              "subscriptionRequest/message": 1,
              "subscriptionRequest/entityname": "ey_ticketnotes",
              "subscriptionRequest/scope": 4,
              "subscriptionRequest/runas": 1
            },
            "authentication": "@parameters('$authentication')"
          },
          "conditions": []
        }
      },
      "actions": {
        "Try": {
          "actions": {
            "Note_created_by_Owner": {
              "actions": {
                "Get_Assign_to_email": {
                  "runAfter": {},
                  "metadata": {
                    "operationMetadataId": "de5ccbf9-48b1-4995-8082-efbde86a05b9"
                  },
                  "type": "OpenApiConnection",
                  "inputs": {
                    "host": {
                      "connectionName": "shared_commondataserviceforapps-2",
                      "operationId": "GetItem",
                      "apiId": "/providers/Microsoft.PowerApps/apis/shared_commondataserviceforapps"
                    },
                    "parameters": {
                      "entityName": "systemusers",
                      "recordId": "@outputs('Get_Ticket_Details')?['body/_ey_assignedto_value']"
                    },
                    "authentication": "@parameters('$authentication')"
                  }
                },
                "Send_an_email_(V2)": {
                  "runAfter": {
                    "Get_Assign_to_email": [
                      "Succeeded"
                    ]
                  },
                  "metadata": {
                    "operationMetadataId": "ab8ed3a4-abf8-4822-ba8c-c2b40b6bb1ad"
                  },
                  "type": "OpenApiConnection",
                  "inputs": {
                    "host": {
                      "connectionName": "shared_office365",
                      "operationId": "SendEmailV2",
                      "apiId": "/providers/Microsoft.PowerApps/apis/shared_office365"
                    },
                    "parameters": {
                      "emailMessage/To": "@outputs('Get_Assign_to_email')?['body/internalemailaddress']",
                      "emailMessage/Subject": "@{variables('Env')}Update on Your Ticket - @{outputs('Get_Ticket_Details')?['body/crd25_col_ticketid']}",
                      "emailMessage/Body": "<!DOCTYPE html PUBLIC \"-//W3C//DTD XHTML 1.0 Transitional//EN\" \"http://www.w3.org/TR/xhtml1/DTD/xhtml1-transitional.dtd\"><html><head>\n            <meta http-equiv=\"Content-Type\" content=\"text/html; charset=utf-8\">\n            <meta name=\"viewport\" content=\"width=device-width, initial-scale=1.0\">\n            <title>My Email Subject</title>\n            <meta name=\"referrer\" content=\"never\">\n            <meta name=\"format-detection\" content=\"telephone=no,date=no,address=no,email=no\">\n            <meta name=\"x-apple-disable-message-reformatting\">\n            <meta type=\"xrm/designer/setting\" name=\"type\" value=\"marketing-designer-content-editor-document\">\n            <meta type=\"xrm/designer/setting\" name=\"layout-editable\" value=\"marketing-designer-layout-editable\">\n            <meta type=\"xrm/designer/setting\" name=\"layout-max-width\" value=\"600px\" datatype=\"text\" label=\"Layout max width\">\n            <meta type=\"xrm/designer/setting\" name=\"font-family\" value=\"Arial, Verdana, sans-serif\" datatype=\"font\" label=\"Font Family\">\n            <meta type=\"xrm/designer/setting\" name=\"body-text-size\" value=\"14px\" datatype=\"text\" label=\"Body Font Size\">\n            <meta type=\"xrm/designer/setting\" name=\"body-text-color\" value=\"#000\" datatype=\"color\" label=\"Body Text Color\">\n            <meta type=\"xrm/designer/setting\" name=\"outer-background\" value=\"#FFFFF\" datatype=\"color\" label=\"Email Background\">\n            <style>\n                body {\n                    font-family: Arial, Verdana, sans-serif;\n                    font-size: 14px;\n                    color: #000;\n                    background-color: #fff;\n                }\n\n                h1 {\n                    color: #000;\n                    font-size: 34px;\n                    font-weight: normal;\n                    font-family: Verdana, Arial, sans-serif;\n                    line-height: inherit;\n                    text-align: left;\n                    margin: 0px;\n                }\n\n                h2 {\n                    color: #333;\n                    font-size: 24px;\n                    font-weight: normal;\n                    font-family: sans-serif;\n                    line-height: inherit;\n                    text-align: left;\n                    margin: 0px;\n                }\n\n                h3 {\n                    color: #000;\n                    font-size: 16px;\n                    font-weight: normal;\n                    font-family: Verdana, Arial, sans-serif;\n                    line-height: inherit;\n                    text-align: left;\n                    margin: 0px;\n                }\n\n                p {\n                    font-family: Arial, Verdana, sans-serif;\n                    font-size: 14px;\n                    color: #000;\n                    line-height: inherit;\n                    font-weight: normal;\n                    text-align: left;\n                }\n\n                a {\n                    font-family: Arial, Verdana, sans-serif;\n                    font-size: inherit;\n                    font-weight: normal;\n                    color: #0082dd;\n                    text-decoration: none;\n                }\n\n                .buttonWrapper {\n                    margin: 10px 0px;\n                }\n\n                .buttonClass {\n                    font-family: Arial, Verdana, sans-serif;\n                    font-size: 16px;\n                    font-weight: normal;\n                    border-radius: 4px;\n                    color: white;\n                    border: none;\n                    background-color: rgb(7, 66, 171);\n                    padding: 10px 20px;\n                    text-decoration: none;\n                }\n\n                .buttonClass span {\n                    font-family: inherit;\n                    text-decoration: inherit;\n                }\n\n                .divider {\n                    border-top: 2px solid silver;\n                    margin: 10px 0px;\n                    width: 100%;\n                }\n\n                div div {\n                    background-color: transparent;\n                }\n\n                [data-layout=\"true\"] {\n                    border: none;\n                    margin: 0 auto;\n                    background-color: rgb(255, 255, 255);\n                    max-width: /* @layout-max-width */ 600px /* @layout-max-width */;\n                }\n   \n            </style>\n        </head>\n\n<body dir=\"ltr\">\n    <div data-layout=\"true\" data-layout-version=\"v2\" style=\"max-width: 600px; margin: auto;\">\n        <div data-section=\"true\" class=\"columns-equal-class wrap-section\" style=\"margin: 0px; border-radius: 0px;\">\n            <table class=\"outer\" align=\"center\" cellpadding=\"0\" cellspacing=\"0\" style=\"border-collapse: collapse; width: 600px; display: block;\" role=\"presentation\">\n                <tbody>\n                    <tr>\n                        <th style=\"padding: 10px; border-color: rgb(0, 0, 0); border-width: 0px; border-style: none; border-radius: 0px;\" role=\"presentation\">\n                            <table style=\"width: 100%; border-collapse: collapse;\" class=\"containerWrapper tbContainer\" cellpadding=\"0\" cellspacing=\"0\" role=\"presentation\">\n                                <tbody>\n                                    <tr>\n                                        <th data-container=\"true\" class=\"columnContainer\" data-container-width=\"100\" style=\"min-width: 20px; width: 580px; height: 0px; padding: 0px;\" id=\"containercda77ea9aa4851712744411788\" role=\"presentation\">\n                                            <table width=\"100%\" cellpadding=\"0\" cellspacing=\"0\" style=\"height: 100%;\" role=\"presentation\">\n                                                <tbody>\n                                                    <tr>\n                                                        <th class=\"inner ui-sortable\" style=\"min-width: 20px; padding: 10px; vertical-align: top; word-wrap: break-word; word-break: break-word; word-wrap: break-word; word-break: break-word; background-color: rgba(0, 0, 0, 0); border-color: rgb(0, 0, 0); border-width: 0px; border-style: none; border-radius: 0px; font-weight: normal;\" role=\"presentation\">\n                                                                <div data-editorblocktype=\"Image\" style=\"margin: 10px; padding: 0px;\"><div align=\"Center\" class=\"imageWrapper\" data-image-file-id=\"c3cd35b2-23f7-ee11-a1fd-000d3a3308bb\"><img src=\"https://assets-usa.mkt.dynamics.com/952476d5-de9b-ee11-be32-6045bd00312b/digitalassets/images/c3cd35b2-23f7-ee11-a1fd-000d3a3308bb?ts=638483411303977573\" style=\"max-height: 100%; max-width: 100%; box-sizing: border-box; display: block; border-radius: 0px; width: 601px; height: 186px;\" width=\"601\" height=\"186\"></div></div><div data-editorblocktype=\"Text\" style=\"margin: 10px;\">\n                                                            <div data-editorblocktype=\"Text\" style=\"margin: 10px;\">\n                                                                <table class=\"Table\" width=\"600\" style=\"width:600px; background:#f7f6fc\" align=\"center\">\n                                                                    <tbody>\n                                                                        <tr>\n                                                                            <td style=\"padding:0cm 0cm 0cm 0cm; background-color:#f7f6fc\">\n                                                                                <p><span style=\"font-family:Segoe UI,Frutiger,Helvetica Neue,Arial,sans-serif\"><span style=\"font-size:13px\"><span style=\"color:black\">Dear <strong>@{outputs('Get_Assign_to_email')?['body/fullname']}</strong>,</span></span></span></p>\n                                                                                <p><br></p>\n                                                                                <p><span style=\"font-family:Segoe UI,Frutiger,Helvetica Neue,Arial,sans-serif\"><span style=\"font-size:13px\">Client has created a new Note in the following ticket:</span></span></p>\n                                                                                <ul>\n                                                                                    <li><span style=\"font-family:Segoe UI,Frutiger,Helvetica Neue,Arial,sans-serif\"><span style=\"font-size:13px\"><strong>Ticket ID:</strong> @{outputs('Get_Ticket_Details')?['body/crd25_col_ticketid']}</span></span></li>\n                                                                                    <li><span style=\"font-family:Segoe UI,Frutiger,Helvetica Neue,Arial,sans-serif\"><span style=\"font-size:13px\"><strong>Title:</strong> @{outputs('Get_Ticket_Details')?['body/ey_title']}</span></span></li>\n                                                                                </ul>\n                                                                                <p><br></p>\n                                                                                <p><span style=\"font-family:Segoe UI,Frutiger,Helvetica Neue,Arial,sans-serif\"><span style=\"font-size:13px\">You can see this record in the following <a href=\"@{variables('LINK')}\">LINK</a><br></span></span></p>\n                                                                                <p><br></p>\n                                                                                <p><span style=\"font-family:Segoe UI,Frutiger,Helvetica Neue,Arial,sans-serif\"><span style=\"font-size:13px\">Thank you for your patience!</span></span></p>\n                                                                                <p><br></p>\n                                                                                <p><span style=\"font-size:11pt\"><span style=\"font-family:Calibri,sans-serif\"><span style=\"font-size:9.0pt\"><span style=\"font-family:&quot;EYInterstate Light&quot;\"><span style=\"color:black\"><strong><span style=\"font-family:&quot;EYInterstate Light&quot;\">Thank You,</span></strong><br><b><strong><span style=\"font-family:&quot;EYInterstate Light&quot;\">EY Fabric Team </span></strong></b></span></span></span></span></span></p>\n                                                                            </td>\n                                                                        </tr>\n                                                                    </tbody>\n                                                                </table>\n                                                            </div>\n                                                        </th>\n                                                    </tr>\n                                                </tbody>\n                                            </table>\n                                        </th>\n                                    </tr>\n                                </tbody>\n                            </table>\n                        </th>\n                    </tr>\n                </tbody>\n            </table>\n        </div>\n    </div>\n</body>\t\t\t\n</html>",
                      "emailMessage/Cc": "Juan.Sebastian.Solarte.Alegria@ey.com;Pawani.Kumari@ey.com;Ivan.Pace@gds.ey.com;Kalaiselvi.Kuppusamy@ey.com;Pushpakala.P@gds.ey.com",
                      "emailMessage/Importance": "Normal"
                    },
                    "authentication": "@parameters('$authentication')"
                  }
                }
              },
              "runAfter": {},
              "else": {
                "actions": {
                  "Send_an_email_(V2)_2": {
                    "runAfter": {},
                    "metadata": {
                      "operationMetadataId": "38786ace-b95c-4a0e-b03c-5e7f6a7c1483"
                    },
                    "type": "OpenApiConnection",
                    "inputs": {
                      "host": {
                        "connectionName": "shared_office365",
                        "operationId": "SendEmailV2",
                        "apiId": "/providers/Microsoft.PowerApps/apis/shared_office365"
                      },
                      "parameters": {
                        "emailMessage/To": "@outputs('Get_User_Name')?['body/internalemailaddress']",
                        "emailMessage/Subject": "@{variables('Env')}Update on Your Ticket -@{outputs('Get_Ticket_Details')?['body/crd25_col_ticketid']}",
                        "emailMessage/Body": "<!DOCTYPE html PUBLIC \"-//W3C//DTD XHTML 1.0 Transitional//EN\" \"http://www.w3.org/TR/xhtml1/DTD/xhtml1-transitional.dtd\"><html><head>\n            <meta http-equiv=\"Content-Type\" content=\"text/html; charset=utf-8\">\n            <meta name=\"viewport\" content=\"width=device-width, initial-scale=1.0\">\n            <title>My Email Subject</title>\n            <meta name=\"referrer\" content=\"never\">\n            <meta name=\"format-detection\" content=\"telephone=no,date=no,address=no,email=no\">\n            <meta name=\"x-apple-disable-message-reformatting\">\n            <meta type=\"xrm/designer/setting\" name=\"type\" value=\"marketing-designer-content-editor-document\">\n            <meta type=\"xrm/designer/setting\" name=\"layout-editable\" value=\"marketing-designer-layout-editable\">\n            <meta type=\"xrm/designer/setting\" name=\"layout-max-width\" value=\"600px\" datatype=\"text\" label=\"Layout max width\">\n            <meta type=\"xrm/designer/setting\" name=\"font-family\" value=\"Arial, Verdana, sans-serif\" datatype=\"font\" label=\"Font Family\">\n            <meta type=\"xrm/designer/setting\" name=\"body-text-size\" value=\"14px\" datatype=\"text\" label=\"Body Font Size\">\n            <meta type=\"xrm/designer/setting\" name=\"body-text-color\" value=\"#000\" datatype=\"color\" label=\"Body Text Color\">\n            <meta type=\"xrm/designer/setting\" name=\"outer-background\" value=\"#FFFFF\" datatype=\"color\" label=\"Email Background\">\n            <style>\n                body {\n                    font-family: Arial, Verdana, sans-serif;\n                    font-size: 14px;\n                    color: #000;\n                    background-color: #fff;\n                }\n\n                h1 {\n                    color: #000;\n                    font-size: 34px;\n                    font-weight: normal;\n                    font-family: Verdana, Arial, sans-serif;\n                    line-height: inherit;\n                    text-align: left;\n                    margin: 0px;\n                }\n\n                h2 {\n                    color: #333;\n                    font-size: 24px;\n                    font-weight: normal;\n                    font-family: sans-serif;\n                    line-height: inherit;\n                    text-align: left;\n                    margin: 0px;\n                }\n\n                h3 {\n                    color: #000;\n                    font-size: 16px;\n                    font-weight: normal;\n                    font-family: Verdana, Arial, sans-serif;\n                    line-height: inherit;\n                    text-align: left;\n                    margin: 0px;\n                }\n\n                p {\n                    font-family: Arial, Verdana, sans-serif;\n                    font-size: 14px;\n                    color: #000;\n                    line-height: inherit;\n                    font-weight: normal;\n                    text-align: left;\n                }\n\n                a {\n                    font-family: Arial, Verdana, sans-serif;\n                    font-size: inherit;\n                    font-weight: normal;\n                    color: #0082dd;\n                    text-decoration: none;\n                }\n\n                .buttonWrapper {\n                    margin: 10px 0px;\n                }\n\n                .buttonClass {\n                    font-family: Arial, Verdana, sans-serif;\n                    font-size: 16px;\n                    font-weight: normal;\n                    border-radius: 4px;\n                    color: white;\n                    border: none;\n                    background-color: rgb(7, 66, 171);\n                    padding: 10px 20px;\n                    text-decoration: none;\n                }\n\n                .buttonClass span {\n                    font-family: inherit;\n                    text-decoration: inherit;\n                }\n\n                .divider {\n                    border-top: 2px solid silver;\n                    margin: 10px 0px;\n                    width: 100%;\n                }\n\n                div div {\n                    background-color: transparent;\n                }\n\n                [data-layout=\"true\"] {\n                    border: none;\n                    margin: 0 auto;\n                    background-color: rgb(255, 255, 255);\n                    max-width: /* @layout-max-width */ 600px /* @layout-max-width */;\n                }\n   \n            </style>\n        </head>\n\n<body dir=\"ltr\">\n    <div data-layout=\"true\" data-layout-version=\"v2\" style=\"max-width: 600px; margin: auto;\">\n        <div data-section=\"true\" class=\"columns-equal-class wrap-section\" style=\"margin: 0px; border-radius: 0px;\">\n            <table class=\"outer\" align=\"center\" cellpadding=\"0\" cellspacing=\"0\" style=\"border-collapse: collapse; width: 600px; display: block;\" role=\"presentation\">\n                <tbody>\n                    <tr>\n                        <th style=\"padding: 10px; border-color: rgb(0, 0, 0); border-width: 0px; border-style: none; border-radius: 0px;\" role=\"presentation\">\n                            <table style=\"width: 100%; border-collapse: collapse;\" class=\"containerWrapper tbContainer\" cellpadding=\"0\" cellspacing=\"0\" role=\"presentation\">\n                                <tbody>\n                                    <tr>\n                                        <th data-container=\"true\" class=\"columnContainer\" data-container-width=\"100\" style=\"min-width: 20px; width: 580px; height: 0px; padding: 0px;\" id=\"containercda77ea9aa4851712744411788\" role=\"presentation\">\n                                            <table width=\"100%\" cellpadding=\"0\" cellspacing=\"0\" style=\"height: 100%;\" role=\"presentation\">\n                                                <tbody>\n                                                    <tr>\n                                                        <th class=\"inner ui-sortable\" style=\"min-width: 20px; padding: 10px; vertical-align: top; word-wrap: break-word; word-break: break-word; word-wrap: break-word; word-break: break-word; background-color: rgba(0, 0, 0, 0); border-color: rgb(0, 0, 0); border-width: 0px; border-style: none; border-radius: 0px; font-weight: normal;\" role=\"presentation\">\n                                                                <div data-editorblocktype=\"Image\" style=\"margin: 10px; padding: 0px;\"><div align=\"Center\" class=\"imageWrapper\" data-image-file-id=\"c3cd35b2-23f7-ee11-a1fd-000d3a3308bb\"><img src=\"https://assets-usa.mkt.dynamics.com/952476d5-de9b-ee11-be32-6045bd00312b/digitalassets/images/c3cd35b2-23f7-ee11-a1fd-000d3a3308bb?ts=638483411303977573\" style=\"max-height: 100%; max-width: 100%; box-sizing: border-box; display: block; border-radius: 0px; width: 601px; height: 186px;\" width=\"601\" height=\"186\"></div></div><div data-editorblocktype=\"Text\" style=\"margin: 10px;\">\n                                                            <div data-editorblocktype=\"Text\" style=\"margin: 10px;\">\n                                                                <table class=\"Table\" width=\"600\" style=\"width:600px; background:#f7f6fc\" align=\"center\">\n                                                                    <tbody>\n                                                                        <tr>\n                                                                            <td style=\"padding:0cm 0cm 0cm 0cm; background-color:#f7f6fc\">\n                                                                                <p><span style=\"font-family:Segoe UI,Frutiger,Helvetica Neue,Arial,sans-serif\"><span style=\"font-size:13px\"><span style=\"color:black\">Dear <strong>@{outputs('Get_User_Name')?['body/fullname']}</strong>,</span></span></span></p>\n                                                                                <p><br></p>\n                                                                                <p><span style=\"font-family:Segoe UI,Frutiger,Helvetica Neue,Arial,sans-serif\"><span style=\"font-size:13px\">We hope this message finds you well. Our support team has sent you a message regarding your ticket. Below are the details for your reference:</span></span></p>\n                                                                                <ul>\n                                                                                    <li><span style=\"font-family:Segoe UI,Frutiger,Helvetica Neue,Arial,sans-serif\"><span style=\"font-size:13px\"><strong>Ticket ID:</strong> @{outputs('Get_Ticket_Details')?['body/crd25_col_ticketid']}</span></span></li>\n                                                                                    <li><span style=\"font-family:Segoe UI,Frutiger,Helvetica Neue,Arial,sans-serif\"><span style=\"font-size:13px\"><strong>Title:</strong> @{outputs('Get_Ticket_Details')?['body/ey_title']}</span></span></li>\n                                                                                </ul>\n                                                                                <p><br></p>\n                                                                                <p><span style=\"font-family:Segoe UI,Frutiger,Helvetica Neue,Arial,sans-serif\"><span style=\"font-size:13px\">Please check the app for the full conversation and any further instructions. If you have any questions or need additional assistance, feel free to reply to this email or reach out through the app. You can see this ticket in the following <a href=\"@{variables('LINK')}\">LINK</a><br></span></span></p>\n\n                                                                                <p><br></p>\n                                                                                <p><span style=\"font-family:Segoe UI,Frutiger,Helvetica Neue,Arial,sans-serif\"><span style=\"font-size:13px\">Thank you for your patience!</span></span></p>\n                                                                                <p><br></p>\n                                                                                <p><span style=\"font-size:11pt\"><span style=\"font-family:Calibri,sans-serif\"><span style=\"font-size:9.0pt\"><span style=\"font-family:&quot;EYInterstate Light&quot;\"><span style=\"color:black\"><strong><span style=\"font-family:&quot;EYInterstate Light&quot;\">Thank You,</span></strong><br><b><strong><span style=\"font-family:&quot;EYInterstate Light&quot;\">EY Fabric Team </span></strong></b></span></span></span></span></span></p>\n                                                                            </td>\n                                                                        </tr>\n                                                                    </tbody>\n                                                                </table>\n                                                            </div>\n                                                        </th>\n                                                    </tr>\n                                                </tbody>\n                                            </table>\n                                        </th>\n                                    </tr>\n                                </tbody>\n                            </table>\n                        </th>\n                    </tr>\n                </tbody>\n            </table>\n        </div>\n    </div>\n</body>\t\t\t\n</html>",
                        "emailMessage/Importance": "Normal"
                      },
                      "authentication": "@parameters('$authentication')"
                    }
                  }
                }
              },
              "expression": {
                "equals": [
                  "@triggerOutputs()?['body/_ownerid_value']",
                  "@outputs('Get_Ticket_Details')?['body/_ownerid_value']"
                ]
              },
              "metadata": {
                "operationMetadataId": "b027bb85-e9f6-4974-80f6-f1161f65027b"
              },
              "type": "If"
            }
          },
          "runAfter": {
            "Apply_to_each_2": [
              "Succeeded"
            ]
          },
          "metadata": {
            "operationMetadataId": "fb0184c8-e979-4227-b18f-3ee16c3c7564"
          },
          "type": "Scope"
        },
        "Initialize_variable": {
          "runAfter": {},
          "metadata": {
            "operationMetadataId": "ff473ea6-9365-49d8-9a21-c13da09835f4"
          },
          "type": "InitializeVariable",
          "inputs": {
            "variables": [
              {
                "name": "LINK",
                "type": "string"
              }
            ]
          }
        },
        "Initialize_variable_2": {
          "runAfter": {
            "Initialize_variable": [
              "Succeeded"
            ]
          },
          "metadata": {
            "operationMetadataId": "59197e00-7f46-4672-a507-cb5d62c0cd49"
          },
          "type": "InitializeVariable",
          "inputs": {
            "variables": [
              {
                "name": "Env",
                "type": "string"
              }
            ]
          }
        },
        "List_rows_2": {
          "runAfter": {
            "Initialize_variable_2": [
              "Succeeded"
            ]
          },
          "metadata": {
            "operationMetadataId": "f518e6c7-2b20-4814-83c3-6dbc00d2005e"
          },
          "type": "OpenApiConnection",
          "inputs": {
            "host": {
              "connectionName": "shared_commondataserviceforapps",
              "operationId": "ListRecords",
              "apiId": "/providers/Microsoft.PowerApps/apis/shared_commondataserviceforapps"
            },
            "parameters": {
              "entityName": "environmentvariabledefinitions",
              "$filter": "displayname eq 'Environment'",
              "$top": 1
            },
            "authentication": "@parameters('$authentication')"
          }
        },
        "Apply_to_each_2": {
          "foreach": "@outputs('List_rows_2')?['body/value']",
          "actions": {
            "List_rows": {
              "runAfter": {},
              "metadata": {
                "operationMetadataId": "b49a825a-f928-4188-898b-1dbfeb70a39e"
              },
              "type": "OpenApiConnection",
              "inputs": {
                "host": {
                  "connectionName": "shared_commondataserviceforapps",
                  "operationId": "ListRecords",
                  "apiId": "/providers/Microsoft.PowerApps/apis/shared_commondataserviceforapps"
                },
                "parameters": {
                  "entityName": "environmentvariablevalues",
                  "$filter": "_environmentvariabledefinitionid_value eq '@{items('Apply_to_each_2')?['environmentvariabledefinitionid']}'",
                  "$top": 1
                },
                "authentication": "@parameters('$authentication')"
              }
            },
            "Apply_to_each": {
              "foreach": "@outputs('List_rows')?['body/value']",
              "actions": {
                "Condition_3": {
                  "actions": {
                    "Set_variable": {
                      "runAfter": {},
                      "metadata": {
                        "operationMetadataId": "a85ab89a-6099-477e-831c-6ac38ef88b82"
                      },
                      "type": "SetVariable",
                      "inputs": {
                        "name": "Env",
                        "value": "DEV - "
                      }
                    },
                    "Set_variable_3": {
                      "runAfter": {
                        "Set_variable": [
                          "Succeeded"
                        ]
                      },
                      "metadata": {
                        "operationMetadataId": "9d826fc3-6dd9-4c86-a176-ffd638c4b5f1"
                      },
                      "type": "SetVariable",
                      "inputs": {
                        "name": "LINK",
                        "value": "https://fabricacrm-dev.crm.dynamics.com/main.aspx?appid=e18df015-7a76-ef11-a670-0022480c55cb&pagetype=entityrecord&etn=crd25_tbl_servicecasemanagement&id=@{outputs('Get_Ticket_Details')?['body/crd25_tbl_servicecasemanagementid']}"
                      }
                    }
                  },
                  "runAfter": {},
                  "else": {
                    "actions": {
                      "Set_variable_2": {
                        "runAfter": {},
                        "metadata": {
                          "operationMetadataId": "c0aa9cba-d7c5-4cf4-ba5a-1d0ce27b3dec"
                        },
                        "type": "SetVariable",
                        "inputs": {
                          "name": "Env",
                          "value": " "
                        }
                      },
                      "Set_variable_4": {
                        "runAfter": {
                          "Set_variable_2": [
                            "Succeeded"
                          ]
                        },
                        "metadata": {
                          "operationMetadataId": "8e068843-25bc-41d0-ac1b-971dbffd3097"
                        },
                        "type": "SetVariable",
                        "inputs": {
                          "name": "LINK",
                          "value": "https://fabriccrm-prod.crm.dynamics.com/main.aspx?appid=aa71e08a-787b-ef11-a670-000d3a321309&pagetype=entityrecord&etn=crd25_tbl_servicecasemanagement&id=@{outputs('Get_Ticket_Details')?['body/crd25_tbl_servicecasemanagementid']}"
                        }
                      }
                    }
                  },
                  "expression": {
                    "equals": [
                      "@items('Apply_to_each')?['value']",
                      "DEV"
                    ]
                  },
                  "metadata": {
                    "operationMetadataId": "4417bd8b-e1bc-478a-ab57-c397145ca9ce"
                  },
                  "type": "If"
                }
              },
              "runAfter": {
                "List_rows": [
                  "Succeeded"
                ]
              },
              "metadata": {
                "operationMetadataId": "028f0927-a082-422f-8b68-7187d3d5a9bd"
              },
              "type": "Foreach"
            }
          },
          "runAfter": {
            "Get_User_Name": [
              "Succeeded"
            ]
          },
          "metadata": {
            "operationMetadataId": "0c68edff-243f-4e7b-a66b-62c65a817d6d"
          },
          "type": "Foreach"
        },
        "Get_Ticket_Details": {
          "runAfter": {
            "List_rows_2": [
              "Succeeded"
            ]
          },
          "metadata": {
            "operationMetadataId": "21e395be-8d50-4487-b34b-22100c35f17e"
          },
          "type": "OpenApiConnection",
          "inputs": {
            "host": {
              "connectionName": "shared_commondataserviceforapps",
              "operationId": "GetItem",
              "apiId": "/providers/Microsoft.PowerApps/apis/shared_commondataserviceforapps"
            },
            "parameters": {
              "entityName": "crd25_tbl_servicecasemanagements",
              "recordId": "@triggerBody()?['_ey_col_ticketid_value']"
            },
            "authentication": "@parameters('$authentication')"
          }
        },
        "Get_User_Name": {
          "runAfter": {
            "Get_Ticket_Details": [
              "Succeeded"
            ]
          },
          "metadata": {
            "operationMetadataId": "009c9a3a-8032-448f-80d4-747a0ae38159"
          },
          "type": "OpenApiConnection",
          "inputs": {
            "host": {
              "connectionName": "shared_commondataserviceforapps",
              "operationId": "GetItem",
              "apiId": "/providers/Microsoft.PowerApps/apis/shared_commondataserviceforapps"
            },
            "parameters": {
              "entityName": "systemusers",
              "recordId": "@triggerBody()?['_createdby_value']"
            },
            "authentication": "@parameters('$authentication')"
          }
        }
      }
    },
    "templateName": ""
  },
  "schemaVersion": "1.0.0.0"
}