{
  "properties": {
    "connectionReferences": {
      "shared_office365": {
        "runtimeSource": "embedded",
        "connection": {
          "connectionReferenceLogicalName": "eyf_sharedoffice365_9ad52"
        },
        "api": {
          "name": "shared_office365"
        }
      },
      "shared_commondataserviceforapps": {
        "runtimeSource": "embedded",
        "connection": {
          "connectionReferenceLogicalName": "eyf_sharedcommondataserviceforapps_d1561"
        },
        "api": {
          "name": "shared_commondataserviceforapps"
        }
      },
      "shared_teams": {
        "runtimeSource": "embedded",
        "connection": {
          "connectionReferenceLogicalName": "new_sharedteams_2cb0c"
        },
        "api": {
          "name": "shared_teams"
        }
      },
      "shared_commondataserviceforapps_1": {
        "runtimeSource": "embedded",
        "connection": {
          "connectionReferenceLogicalName": "eyf_sharedcommondataserviceforapps_74936"
        },
        "api": {
          "name": "shared_commondataserviceforapps"
        }
      }
    },
    "definition": {
      "$schema": "https://schema.management.azure.com/providers/Microsoft.Logic/schemas/2016-06-01/workflowdefinition.json#",
      "contentVersion": "1.0.0.0",
      "parameters": {
        "$connections": {
          "defaultValue": {},
          "type": "Object"
        },
        "$authentication": {
          "defaultValue": {},
          "type": "SecureObject"
        },
        "Environment URL (eyf_EnvironmentURL)": {
          "defaultValue": "https://fabricacrm-dev.crm.dynamics.com/",
          "type": "String",
          "metadata": {
            "schemaName": "eyf_EnvironmentURL"
          }
        }
      },
      "triggers": {
        "When_a_row_is_added,_modified_or_deleted": {
          "metadata": {
            "operationMetadataId": "07ecb5bb-6a50-478b-9f25-1a97df050c64"
          },
          "type": "OpenApiConnectionWebhook",
          "inputs": {
            "host": {
              "connectionName": "shared_commondataserviceforapps",
              "operationId": "SubscribeWebhookTrigger",
              "apiId": "/providers/Microsoft.PowerApps/apis/shared_commondataserviceforapps"
            },
            "parameters": {
              "subscriptionRequest/message": 1,
              "subscriptionRequest/entityname": "crd25_tbl_servicecasemanagement",
              "subscriptionRequest/scope": 4
            },
            "authentication": "@parameters('$authentication')"
          }
        }
      },
      "actions": {
        "Send_an_email_(V2)": {
          "runAfter": {
            "Condition": [
              "Succeeded"
            ]
          },
          "metadata": {
            "operationMetadataId": "e8e319c3-1020-4535-8e4d-192e7a45ff24"
          },
          "type": "OpenApiConnection",
          "inputs": {
            "host": {
              "connectionName": "shared_office365",
              "operationId": "SendEmailV2",
              "apiId": "/providers/Microsoft.PowerApps/apis/shared_office365"
            },
            "parameters": {
              "emailMessage/To": "@outputs('Get_a_row_by_ID_4')?['body/internalemailaddress']",
              "emailMessage/Subject": "@{variables('Env')}Ticket Confirmation - @{triggerOutputs()?['body/crd25_col_ticketid']}",
              "emailMessage/Body": "\n            <meta>\n            <meta>\n            <title>My Email Subject</title>\n            <meta>\n            <meta>\n            <meta>\n            <meta>\n            <meta>\n            <meta>\n            <meta>\n            <meta>\n            <meta>\n            <meta>\n            <style>\n                body {\n                    font-family: Arial, Verdana, sans-serif;\n                    font-size: 14px;\n                    color: #000;\n                    background-color: #fff;\n                }\np {\n    font-family: Arial, Verdana, sans-serif;\n    font-size: 14px;\n    color: #000;\n    line-height: inherit;\n    font-weight: normal;\n    text-align: left;\n    word-wrap: break-word; /* Asegura que las palabras largas se rompan y pasen a la siguiente línea */\n    max-width: 580px; /* Establece un ancho máximo para el párrafo */\n}\n                h1 {\n                    color: #000;\n                    font-size: 34px;\n                    font-weight: normal;\n                    font-family: Verdana, Arial, sans-serif;\n                    line-height: inherit;\n                    text-align: left;\n                    margin: 0px;\n                }\n\n                h2 {\n                    color: #333;\n                    font-size: 24px;\n                    font-weight: normal;\n                    font-family: sans-serif;\n                    line-height: inherit;\n                    text-align: left;\n                    margin: 0px;\n                }\n\n                h3 {\n                    color: #000;\n                    font-size: 16px;\n                    font-weight: normal;\n                    font-family: Verdana, Arial, sans-serif;\n                    line-height: inherit;\n                    text-align: left;\n                    margin: 0px;\n                }\n\n                a {\n                    font-family: Arial, Verdana, sans-serif;\n                    font-size: inherit;\n                    font-weight: normal;\n                    color: #0082dd;\n                    text-decoration: none;\n                }\n\n                .buttonWrapper {\n                    margin: 10px 0px;\n                }\n\n                .buttonClass {\n                    font-family: Arial, Verdana, sans-serif;\n                    font-size: 16px;\n                    font-weight: normal;\n                    border-radius: 4px;\n                    color: white;\n                    border: none;\n                    background-color: rgb(7, 66, 171);\n                    padding: 10px 20px;\n                    text-decoration: none;\n                }\n\n                .buttonClass span {\n                    font-family: inherit;\n                    text-decoration: inherit;\n                }\n\n                .divider {\n                    border-top: 2px solid silver;\n                    margin: 10px 0px;\n                    width: 100%;\n                }\n\n                div div {\n                    background-color: transparent;\n                }\n\n                [data-layout=\"true\"] {\n                    border: none;\n                    margin: 0 auto;\n                    background-color: rgb(255, 255, 255);\n                    max-width: /* @layout-max-width */ 600px /* @layout-max-width */;\n                }\n   \n            </style>\n        \n\n\n    <div style=\"max-width: 600px; margin: auto;\">\n        <div class=\"columns-equal-class wrap-section\" style=\"margin: 0px; border-radius: 0px;\">\n            <table class=\"outer\" cellpadding=\"0\" cellspacing=\"0\" style=\"border-collapse: collapse; width: 600px; display: block;\">\n                <tbody>\n                    <tr>\n                        <th style=\"padding: 10px; border-color: rgb(0, 0, 0); border-width: 0px; border-style: none; border-radius: 0px;\">\n                            <table style=\"width: 100%; border-collapse: collapse;\" class=\"containerWrapper tbContainer\" cellpadding=\"0\" cellspacing=\"0\">\n                                <tbody>\n                                    <tr>\n                                        <th class=\"columnContainer\" style=\"min-width: 20px; width: 580px; height: 0px; padding: 0px;\" id=\"containercda77ea9aa4851712744411788\">\n                                            <table cellpadding=\"0\" cellspacing=\"0\" style=\"height: 100%;\">\n                                                <tbody>\n                                                    <tr>\n                                                        <th class=\"inner ui-sortable\" style=\"min-width: 20px; padding: 10px; vertical-align: top; word-wrap: break-word; word-break: break-word; word-wrap: break-word; word-break: break-word; background-color: rgba(0, 0, 0, 0); border-color: rgb(0, 0, 0); border-width: 0px; border-style: none; border-radius: 0px; font-weight: normal;\">\n                                                                <div style=\"margin: 10px; padding: 0px;\"><div class=\"imageWrapper\"><img src=\"https://assets-usa.mkt.dynamics.com/952476d5-de9b-ee11-be32-6045bd00312b/digitalassets/images/c3cd35b2-23f7-ee11-a1fd-000d3a3308bb?ts=638483411303977573\" style=\"max-height: 100%; max-width: 100%; box-sizing: border-box; display: block; border-radius: 0px; width: 601px; height: 186px;\"></div></div><div style=\"margin: 10px;\">\n                                                            <div style=\"margin: 10px;\">\n                                                                <table class=\"Table\" style=\"width:600px; background:#f7f6fc\">\n                                                                    <tbody>\n                                                                        <tr>\n                                                                            <td style=\"padding:0cm 0cm 0cm 0cm; background-color:#f7f6fc\">\n                                                                                <p><span style=\"font-family:Segoe UI,Frutiger,Helvetica Neue,Arial,sans-serif\"><span style=\"font-size:13px\"><span style=\"color:black\">Dear <strong>@{outputs('Get_a_row_by_ID_4')?['body/fullname']}</strong>,</span></span></span></p>\n                                                                                <br>\n                                                                                <p><span style=\"font-family:Segoe UI,Frutiger,Helvetica Neue,Arial,sans-serif\"><span style=\"font-size:13px\">Thank you for reaching out to us! We have successfully received your ticket. Below are the details of your submission:</span></span></p>\n                                                                                <ul>\n                                                                                    <li><span style=\"font-family:Segoe UI,Frutiger,Helvetica Neue,Arial,sans-serif\"><span style=\"font-size:13px\"><strong>Ticket ID:</strong> @{triggerOutputs()?['body/crd25_col_ticketid']}</span></span></li>\n                                                                                    <li><span style=\"font-family:Segoe UI,Frutiger,Helvetica Neue,Arial,sans-serif\"><span style=\"font-size:13px\"><strong>Title:</strong> @{triggerOutputs()?['body/ey_title']}</span></span></li>\n \n                                                          </ul>\n                                                                                <br>\n                                                                                <p><span style=\"font-family:Segoe UI,Frutiger,Helvetica Neue,Arial,sans-serif\"><span style=\"font-size:13px\">Our support team will review your request and get back to you as soon as possible. If you have any additional information to provide or if you need to update your ticket, please feel free to reply to this email.</span></span></p>\n                                                                                <br>\n                                                                                <p><span style=\"font-family:Segoe UI,Frutiger,Helvetica Neue,Arial,sans-serif\"><span style=\"font-size:13px\">Thank you for your patience!</span></span></p>\n                                                                                <br>\n                                                                                <p><span style=\"font-size:11pt\"><span style=\"font-family:Calibri,sans-serif\"><span style=\"font-size:9.0pt\"><span style=\"font-family:&quot;EYInterstate Light&quot;\"><span style=\"color:black\"><strong><span style=\"font-family:&quot;EYInterstate Light&quot;\">Thank You,</span></strong><br><b><strong><span style=\"font-family:&quot;EYInterstate Light&quot;\">EY Fabric Team </span></strong></b></span></span></span></span></span></p>\n                                                                            </td>\n                                                                        </tr>\n                                                                    </tbody>\n                                                                </table>\n                                                            </div>\n                                                        </div></th>\n                                                    </tr>\n                                                </tbody>\n                                            </table>\n                                        </th>\n                                    </tr>\n                                </tbody>\n                            </table>\n                        </th>\n                    </tr>\n                </tbody>\n            </table>\n        </div>\n    </div>\n\t\t\t\n",
              "emailMessage/Importance": "Normal"
            },
            "authentication": "@parameters('$authentication')"
          }
        },
        "Get_a_row_by_ID_4": {
          "runAfter": {
            "Apply_to_each_2": [
              "Succeeded"
            ]
          },
          "metadata": {
            "operationMetadataId": "54928ba7-8915-4b83-838b-d68cb0c9df6f"
          },
          "type": "OpenApiConnection",
          "inputs": {
            "host": {
              "connectionName": "shared_commondataserviceforapps",
              "operationId": "GetItem",
              "apiId": "/providers/Microsoft.PowerApps/apis/shared_commondataserviceforapps"
            },
            "parameters": {
              "entityName": "systemusers",
              "recordId": "@triggerOutputs()?['body/_ownerid_value']"
            },
            "authentication": "@parameters('$authentication')"
          }
        },
        "Update_a_row": {
          "runAfter": {
            "Get_a_row_by_ID_4": [
              "Succeeded"
            ]
          },
          "metadata": {
            "operationMetadataId": "1c5a8e2e-1d7f-41b4-9520-29eb1ad6734c"
          },
          "type": "OpenApiConnection",
          "inputs": {
            "host": {
              "connectionName": "shared_commondataserviceforapps",
              "operationId": "UpdateRecord",
              "apiId": "/providers/Microsoft.PowerApps/apis/shared_commondataserviceforapps"
            },
            "parameters": {
              "entityName": "crd25_tbl_servicecasemanagements",
              "recordId": "@triggerOutputs()?['body/crd25_tbl_servicecasemanagementid']",
              "item/crd25_col_authoremail": "@outputs('Get_a_row_by_ID_4')?['body/internalemailaddress']",
              "item/crd25_col_authorname": "@outputs('Get_a_row_by_ID_4')?['body/fullname']"
            },
            "authentication": "@parameters('$authentication')"
          }
        },
        "Condition": {
          "actions": {
            "Send_an_email_(V2)_3": {
              "runAfter": {},
              "metadata": {
                "operationMetadataId": "0fe4b0ac-d964-47c4-ab58-85d24fece32c"
              },
              "type": "OpenApiConnection",
              "inputs": {
                "host": {
                  "connectionName": "shared_office365",
                  "operationId": "SendEmailV2",
                  "apiId": "/providers/Microsoft.PowerApps/apis/shared_office365"
                },
                "parameters": {
                  "emailMessage/To": "Juan.Sebastian.Solarte.Alegria@ey.com;Kalaiselvi.Kuppusamy@ey.com;Ivan.Pace@gds.ey.com;Pawani.Kumari@ey.com;Pushpakala.P@gds.ey.com",
                  "emailMessage/Subject": "@{variables('Env')}EY Fabric Ticket Management Tool - New ticket submitted @{triggerOutputs()?['body/crd25_col_ticketid']}",
                  "emailMessage/Body": "<p class=\"editor-paragraph\">Hi Team,<br><br>A new ticket has been created by @{outputs('Get_a_row_by_ID_4')?['body/fullname']} (@{outputs('Get_a_row_by_ID_4')?['body/internalemailaddress']}) :<br><br><b><strong class=\"editor-text-bold\">Ticket Number</strong></b>:@{triggerOutputs()?['body/crd25_col_ticketid']}<br><br><b><strong class=\"editor-text-bold\">License Request</strong></b>:<br><br><b><strong class=\"editor-text-bold\">Email</strong></b>: @{outputs('Update_a_row')?['body/eyf_useremail']}</p><br><p class=\"editor-paragraph\"><b><strong class=\"editor-text-bold\">Description</strong></b>: @{triggerBody()?['crd25_col_ticketdescription']}<br><br>You can see this record in the following <a href=\"@{variables('LINK')}\" class=\"editor-link\">LINK</a><br><br>Regards<br><br>EY Fabric Support Team</p>",
                  "emailMessage/Importance": "Normal"
                },
                "authentication": "@parameters('$authentication')"
              }
            },
            "Post_message_in_a_chat_or_channel_2": {
              "runAfter": {
                "Send_an_email_(V2)_3": [
                  "Succeeded"
                ]
              },
              "metadata": {
                "operationMetadataId": "366c3048-26e9-46aa-bcac-7d8c5e03768e"
              },
              "type": "OpenApiConnection",
              "inputs": {
                "host": {
                  "connectionName": "shared_teams",
                  "operationId": "PostMessageToConversation",
                  "apiId": "/providers/Microsoft.PowerApps/apis/shared_teams"
                },
                "parameters": {
                  "poster": "Flow bot",
                  "location": "Group chat",
                  "body/recipient": "19:fd08076317094f6fae70fa63fdf9ff13@thread.v2",
                  "body/messageBody": "<p>Hi Team,<br>\n<br>\nA new ticket has been created by @{outputs('Get_a_row_by_ID_4')?['body/fullname']} (@{outputs('Get_a_row_by_ID_4')?['body/internalemailaddress']}) :<br>\n<br>\n<strong>Ticket Number</strong>:@{triggerOutputs()?['body/crd25_col_ticketid']}<br>\n<br>\n<strong>License Request</strong>: <br>\n<br>\n<strong>Email</strong>: @{outputs('Update_a_row')?['body/eyf_useremail']}<br>\n<br>\nYou can see this record in the following <a href=\"@{variables('LINK')}\">LINK</a><br>\n<br>\nRegards<br>\n<br>\nEY Fabric Support Team</p>"
                },
                "authentication": "@parameters('$authentication')"
              }
            }
          },
          "runAfter": {
            "get_Category": [
              "Succeeded"
            ]
          },
          "else": {
            "actions": {
              "Condition_2": {
                "actions": {
                  "Get_a_row_by_ID_5": {
                    "runAfter": {},
                    "metadata": {
                      "operationMetadataId": "cf9bada4-4e8d-4215-8d58-d886410157a1"
                    },
                    "type": "OpenApiConnection",
                    "inputs": {
                      "host": {
                        "connectionName": "shared_commondataserviceforapps",
                        "operationId": "GetItem",
                        "apiId": "/providers/Microsoft.PowerApps/apis/shared_commondataserviceforapps"
                      },
                      "parameters": {
                        "entityName": "ey_tickettypechoices",
                        "recordId": "@triggerOutputs()?['body/_ey_type_value']"
                      },
                      "authentication": "@parameters('$authentication')"
                    }
                  },
                  "Send_an_email_(V2)_4": {
                    "runAfter": {
                      "Get_a_row_by_ID_5": [
                        "Succeeded"
                      ]
                    },
                    "metadata": {
                      "operationMetadataId": "0fe4b0ac-d964-47c4-ab58-85d24fece32c"
                    },
                    "type": "OpenApiConnection",
                    "inputs": {
                      "host": {
                        "connectionName": "shared_office365",
                        "operationId": "SendEmailV2",
                        "apiId": "/providers/Microsoft.PowerApps/apis/shared_office365"
                      },
                      "parameters": {
                        "emailMessage/To": "Juan.Sebastian.Solarte.Alegria@ey.com;Kalaiselvi.Kuppusamy@ey.com;Ivan.Pace@gds.ey.com;Pawani.Kumari@ey.com;Pushpakala.P@gds.ey.com",
                        "emailMessage/Subject": "@{variables('Env')}EY Fabric Ticket Management Tool - New ticket submitted @{triggerOutputs()?['body/crd25_col_ticketid']}",
                        "emailMessage/Body": "<p>Hi Team,<br>\n<br>\nA new ticket has been created by @{outputs('Get_a_row_by_ID_4')?['body/fullname']} (@{outputs('Get_a_row_by_ID_4')?['body/internalemailaddress']}) :<br>\n<br>\n<br>\n<strong>Ticket Number</strong>:@{triggerOutputs()?['body/crd25_col_ticketid']}<br>\n<br>\n<strong>Title </strong>: @{triggerOutputs()?['body/ey_title']}<br>\n<br>\n<strong>Description</strong>: @{triggerOutputs()?['body/crd25_col_ticketdescription']}<br>\n<br>\nYou can see this record in the following <a href=\"@{variables('LINK')}\">LINK</a><br>\n<br>\nRegards<br>\n<br>\nEY Fabric Support Team</p>",
                        "emailMessage/Importance": "Normal"
                      },
                      "authentication": "@parameters('$authentication')"
                    }
                  },
                  "Post_message_in_a_chat_or_channel_3": {
                    "runAfter": {
                      "Send_an_email_(V2)_4": [
                        "Succeeded"
                      ]
                    },
                    "metadata": {
                      "operationMetadataId": "366c3048-26e9-46aa-bcac-7d8c5e03768e"
                    },
                    "type": "OpenApiConnection",
                    "inputs": {
                      "host": {
                        "connectionName": "shared_teams",
                        "operationId": "PostMessageToConversation",
                        "apiId": "/providers/Microsoft.PowerApps/apis/shared_teams"
                      },
                      "parameters": {
                        "poster": "Flow bot",
                        "location": "Group chat",
                        "body/recipient": "19:fd08076317094f6fae70fa63fdf9ff13@thread.v2",
                        "body/messageBody": "<p>Hi Team,<br>\n<br>\nA new ticket has been created by @{outputs('Get_a_row_by_ID_4')?['body/fullname']} (@{outputs('Get_a_row_by_ID_4')?['body/internalemailaddress']}) :<br>\n<br>\n<br>\n<strong>Ticket Number</strong>:@{triggerOutputs()?['body/crd25_col_ticketid']}<br>\n<br>\n<strong>Title </strong>: @{triggerOutputs()?['body/ey_title']}<br>\n<br>\n<strong>Description</strong>: @{triggerOutputs()?['body/crd25_col_ticketdescription']}<br>\n<br>\n<strong>Module</strong>: <br>\n<br>\nYou can see this record in the following <a href=\"@{variables('LINK')}\">LINK</a><br>\n<br>\nRegards<br>\n<br>\nEY Fabric Support Team</p>"
                      },
                      "authentication": "@parameters('$authentication')"
                    }
                  }
                },
                "runAfter": {},
                "else": {
                  "actions": {
                    "Get_a_row_by_ID": {
                      "runAfter": {},
                      "metadata": {
                        "operationMetadataId": "3a9488db-8fb9-430b-923c-71e7930978b2"
                      },
                      "type": "OpenApiConnection",
                      "inputs": {
                        "host": {
                          "connectionName": "shared_commondataserviceforapps",
                          "operationId": "GetItem",
                          "apiId": "/providers/Microsoft.PowerApps/apis/shared_commondataserviceforapps"
                        },
                        "parameters": {
                          "entityName": "ey_ticketseveritychoices",
                          "recordId": "@triggerOutputs()?['body/_ey_col_ticketsevchoice_value']"
                        },
                        "authentication": "@parameters('$authentication')"
                      }
                    },
                    "Get_a_row_by_ID_2": {
                      "runAfter": {
                        "Get_a_row_by_ID": [
                          "Succeeded"
                        ]
                      },
                      "metadata": {
                        "operationMetadataId": "cf9bada4-4e8d-4215-8d58-d886410157a1"
                      },
                      "type": "OpenApiConnection",
                      "inputs": {
                        "host": {
                          "connectionName": "shared_commondataserviceforapps",
                          "operationId": "GetItem",
                          "apiId": "/providers/Microsoft.PowerApps/apis/shared_commondataserviceforapps"
                        },
                        "parameters": {
                          "entityName": "ey_tickettypechoices",
                          "recordId": "@triggerOutputs()?['body/_ey_type_value']"
                        },
                        "authentication": "@parameters('$authentication')"
                      }
                    },
                    "Send_an_email_(V2)_2": {
                      "runAfter": {
                        "Get_a_row_by_ID_2": [
                          "Succeeded"
                        ]
                      },
                      "metadata": {
                        "operationMetadataId": "0fe4b0ac-d964-47c4-ab58-85d24fece32c"
                      },
                      "type": "OpenApiConnection",
                      "inputs": {
                        "host": {
                          "connectionName": "shared_office365",
                          "operationId": "SendEmailV2",
                          "apiId": "/providers/Microsoft.PowerApps/apis/shared_office365"
                        },
                        "parameters": {
                          "emailMessage/To": "Juan.Sebastian.Solarte.Alegria@ey.com;Kalaiselvi.Kuppusamy@ey.com;Ivan.Pace@gds.ey.com;Pawani.Kumari@ey.com;Pushpakala.P@gds.ey.com",
                          "emailMessage/Subject": "@{variables('Env')}EY Fabric Ticket Management Tool - New ticket submitted @{triggerOutputs()?['body/crd25_col_ticketid']}",
                          "emailMessage/Body": "<p>Hi Team,<br>\n<br>\nA new ticket has been created by @{outputs('Get_a_row_by_ID_4')?['body/fullname']} (@{outputs('Get_a_row_by_ID_4')?['body/internalemailaddress']}) :<br>\n<br>\n<strong>Ticket Number</strong>:@{triggerOutputs()?['body/crd25_col_ticketid']}<br>\n<br>\n<strong>Title </strong>: @{triggerOutputs()?['body/ey_title']}<br>\n<br>\n<strong>Description</strong>: @{triggerOutputs()?['body/crd25_col_ticketdescription']}<br>\n<br>\n<strong>Severity</strong>: @{outputs('Get_a_row_by_ID')?['body/ey_name']}<br>\n<br>\nYou can see this record in the following <a href=\"@{variables('LINK')}\">LINK</a><br>\n<br>\nRegards<br>\n<br>\nEY Fabric Support Team</p>",
                          "emailMessage/Importance": "Normal"
                        },
                        "authentication": "@parameters('$authentication')"
                      }
                    },
                    "Post_message_in_a_chat_or_channel": {
                      "runAfter": {
                        "Send_an_email_(V2)_2": [
                          "Succeeded"
                        ]
                      },
                      "metadata": {
                        "operationMetadataId": "366c3048-26e9-46aa-bcac-7d8c5e03768e"
                      },
                      "type": "OpenApiConnection",
                      "inputs": {
                        "host": {
                          "connectionName": "shared_teams",
                          "operationId": "PostMessageToConversation",
                          "apiId": "/providers/Microsoft.PowerApps/apis/shared_teams"
                        },
                        "parameters": {
                          "poster": "Flow bot",
                          "location": "Group chat",
                          "body/recipient": "19:fd08076317094f6fae70fa63fdf9ff13@thread.v2",
                          "body/messageBody": "<p>Hi Team,<br>\n<br>\nA new ticket has been created by @{outputs('Get_a_row_by_ID_4')?['body/fullname']} (@{outputs('Get_a_row_by_ID_4')?['body/internalemailaddress']}) :<br>\n<br>\n<strong>Ticket Number</strong>:@{triggerOutputs()?['body/crd25_col_ticketid']}<br>\n<br>\n<strong>Title </strong>: @{triggerOutputs()?['body/ey_title']}<br>\n<br>\n<strong>Description</strong>: @{triggerOutputs()?['body/crd25_col_ticketdescription']}<br>\n<br>\n<strong>Module</strong>: <br>\n<br>\n<strong>Severity</strong>: @{outputs('Get_a_row_by_ID')?['body/ey_name']}<br>\n<br>\nYou can see this record in the following <a href=\"@{variables('LINK')}\">LINK</a><br>\n<br>\nRegards<br>\n<br>\nEY Fabric Support Team</p>"
                        },
                        "authentication": "@parameters('$authentication')"
                      }
                    }
                  }
                },
                "expression": {
                  "equals": [
                    "@outputs('get_Category')?['body/ey_typechoice']",
                    "Enhancement"
                  ]
                },
                "metadata": {
                  "operationMetadataId": "70bbce5b-731d-4f37-93c5-a7999a30573d"
                },
                "type": "If"
              }
            }
          },
          "expression": {
            "equals": [
              "@outputs('get_Category')?['body/ey_typechoice']",
              "License Request"
            ]
          },
          "metadata": {
            "operationMetadataId": "f27c1c4a-4528-48ad-93f1-746f83c23b21"
          },
          "type": "If"
        },
        "List_rows_2": {
          "runAfter": {
            "Initialize_variable": [
              "Succeeded"
            ]
          },
          "metadata": {
            "operationMetadataId": "f518e6c7-2b20-4814-83c3-6dbc00d2005e"
          },
          "type": "OpenApiConnection",
          "inputs": {
            "host": {
              "connectionName": "shared_commondataserviceforapps",
              "operationId": "ListRecords",
              "apiId": "/providers/Microsoft.PowerApps/apis/shared_commondataserviceforapps"
            },
            "parameters": {
              "entityName": "environmentvariabledefinitions",
              "$filter": "displayname eq 'Environment'",
              "$top": 1
            },
            "authentication": "@parameters('$authentication')"
          }
        },
        "Apply_to_each_2": {
          "foreach": "@outputs('List_rows_2')?['body/value']",
          "actions": {
            "List_rows": {
              "runAfter": {},
              "metadata": {
                "operationMetadataId": "b49a825a-f928-4188-898b-1dbfeb70a39e"
              },
              "type": "OpenApiConnection",
              "inputs": {
                "host": {
                  "connectionName": "shared_commondataserviceforapps",
                  "operationId": "ListRecords",
                  "apiId": "/providers/Microsoft.PowerApps/apis/shared_commondataserviceforapps"
                },
                "parameters": {
                  "entityName": "environmentvariablevalues",
                  "$filter": "_environmentvariabledefinitionid_value eq '@{items('Apply_to_each_2')?['environmentvariabledefinitionid']}'",
                  "$top": 1
                },
                "authentication": "@parameters('$authentication')"
              }
            },
            "Apply_to_each": {
              "foreach": "@outputs('List_rows')?['body/value']",
              "actions": {
                "Condition_3": {
                  "actions": {
                    "Set_variable": {
                      "runAfter": {},
                      "metadata": {
                        "operationMetadataId": "a85ab89a-6099-477e-831c-6ac38ef88b82"
                      },
                      "type": "SetVariable",
                      "inputs": {
                        "name": "Env",
                        "value": "DEV - "
                      }
                    },
                    "Set_variable_3": {
                      "runAfter": {
                        "Set_variable": [
                          "Succeeded"
                        ]
                      },
                      "metadata": {
                        "operationMetadataId": "9d826fc3-6dd9-4c86-a176-ffd638c4b5f1"
                      },
                      "type": "SetVariable",
                      "inputs": {
                        "name": "LINK",
                        "value": "https://fabricacrm-dev.crm.dynamics.com/main.aspx?appid=e18df015-7a76-ef11-a670-0022480c55cb&pagetype=entityrecord&etn=crd25_tbl_servicecasemanagement&id=@{triggerOutputs()?['body/crd25_tbl_servicecasemanagementid']}"
                      }
                    }
                  },
                  "runAfter": {},
                  "else": {
                    "actions": {
                      "Set_variable_2": {
                        "runAfter": {},
                        "metadata": {
                          "operationMetadataId": "c0aa9cba-d7c5-4cf4-ba5a-1d0ce27b3dec"
                        },
                        "type": "SetVariable",
                        "inputs": {
                          "name": "Env",
                          "value": " "
                        }
                      },
                      "Set_variable_4": {
                        "runAfter": {
                          "Set_variable_2": [
                            "Succeeded"
                          ]
                        },
                        "metadata": {
                          "operationMetadataId": "8e068843-25bc-41d0-ac1b-971dbffd3097"
                        },
                        "type": "SetVariable",
                        "inputs": {
                          "name": "LINK",
                          "value": "https://fabriccrm-prod.crm.dynamics.com/main.aspx?appid=aa71e08a-787b-ef11-a670-000d3a321309&pagetype=entityrecord&etn=crd25_tbl_servicecasemanagement&id=@{triggerOutputs()?['body/crd25_tbl_servicecasemanagementid']}"
                        }
                      }
                    }
                  },
                  "expression": {
                    "equals": [
                      "@items('Apply_to_each')?['value']",
                      "DEV"
                    ]
                  },
                  "metadata": {
                    "operationMetadataId": "4417bd8b-e1bc-478a-ab57-c397145ca9ce"
                  },
                  "type": "If"
                }
              },
              "runAfter": {
                "List_rows": [
                  "Succeeded"
                ]
              },
              "metadata": {
                "operationMetadataId": "028f0927-a082-422f-8b68-7187d3d5a9bd"
              },
              "type": "Foreach"
            }
          },
          "runAfter": {
            "List_rows_2": [
              "Succeeded"
            ]
          },
          "metadata": {
            "operationMetadataId": "0c68edff-243f-4e7b-a66b-62c65a817d6d"
          },
          "type": "Foreach"
        },
        "Initialize_variable_2": {
          "runAfter": {
            "Do_until": [
              "Succeeded"
            ]
          },
          "metadata": {
            "operationMetadataId": "59197e00-7f46-4672-a507-cb5d62c0cd49"
          },
          "type": "InitializeVariable",
          "inputs": {
            "variables": [
              {
                "name": "Env",
                "type": "string"
              }
            ]
          }
        },
        "Initialize_variable": {
          "runAfter": {
            "Initialize_variable_2": [
              "Succeeded"
            ]
          },
          "metadata": {
            "operationMetadataId": "ff473ea6-9365-49d8-9a21-c13da09835f4"
          },
          "type": "InitializeVariable",
          "inputs": {
            "variables": [
              {
                "name": "LINK",
                "type": "string"
              }
            ]
          }
        },
        "get_Category": {
          "runAfter": {
            "Update_a_row": [
              "Succeeded"
            ]
          },
          "metadata": {
            "operationMetadataId": "f7e9251c-56d9-40ac-918d-ce63abec5546"
          },
          "type": "OpenApiConnection",
          "inputs": {
            "host": {
              "connectionName": "shared_commondataserviceforapps_1",
              "operationId": "GetItem",
              "apiId": "/providers/Microsoft.PowerApps/apis/shared_commondataserviceforapps"
            },
            "parameters": {
              "entityName": "ey_tickettypechoices",
              "recordId": "@triggerOutputs()?['body/_ey_type_value']"
            },
            "authentication": "@parameters('$authentication')"
          }
        },
        "get_Owner_of_Ticket": {
          "runAfter": {},
          "metadata": {
            "operationMetadataId": "a32d5cd0-fca7-4119-bab5-80811bd32577"
          },
          "type": "OpenApiConnection",
          "inputs": {
            "host": {
              "connectionName": "shared_commondataserviceforapps_1",
              "operationId": "GetItem",
              "apiId": "/providers/Microsoft.PowerApps/apis/shared_commondataserviceforapps"
            },
            "parameters": {
              "entityName": "systemusers",
              "recordId": "@triggerOutputs()?['body/_ownerid_value']"
            },
            "authentication": "@parameters('$authentication')"
          }
        },
        "List_rows_3": {
          "runAfter": {
            "get_Owner_of_Ticket": [
              "Succeeded"
            ]
          },
          "metadata": {
            "operationMetadataId": "5f258abc-3cc1-4c7b-9c03-fecb1f6482bb"
          },
          "type": "OpenApiConnection",
          "inputs": {
            "host": {
              "connectionName": "shared_commondataserviceforapps_1",
              "operationId": "ListRecords",
              "apiId": "/providers/Microsoft.PowerApps/apis/shared_commondataserviceforapps"
            },
            "parameters": {
              "entityName": "teams",
              "$filter": "name eq 'Platform Success Team' or name eq 'Product Activation Team' or name eq 'CE Team'"
            },
            "authentication": "@parameters('$authentication')"
          }
        },
        "Initialize_variable_3": {
          "runAfter": {
            "List_rows_3": [
              "Succeeded"
            ]
          },
          "metadata": {
            "operationMetadataId": "ee972f69-ec69-4ed1-a7e3-97eef2b29278"
          },
          "type": "InitializeVariable",
          "inputs": {
            "variables": [
              {
                "name": "continue",
                "type": "boolean",
                "value": "@true"
              }
            ]
          }
        },
        "Do_until": {
          "actions": {
            "Apply_to_each_3": {
              "foreach": "@outputs('List_rows_3')?['body/value']",
              "actions": {
                "Do_until_2": {
                  "actions": {
                    "HTTP_Get_access_team_members": {
                      "runAfter": {},
                      "metadata": {
                        "operationMetadataId": "5fede138-b6b5-49a9-8af4-abaaa8a4d43f"
                      },
                      "type": "Http",
                      "inputs": {
                        "method": "GET",
                        "uri": "@{parameters('Environment URL (eyf_EnvironmentURL)')}api/data/v9.1/teams(@{items('Apply_to_each_3')?['teamid']})/teammembership_association/"
                      }
                    },
                    "Parse_JSON_access_team_members": {
                      "runAfter": {
                        "HTTP_Get_access_team_members": [
                          "Succeeded"
                        ]
                      },
                      "metadata": {
                        "operationMetadataId": "efb07476-a767-410c-b551-1ac414361ca7"
                      },
                      "type": "ParseJson",
                      "inputs": {
                        "content": "@body('HTTP_Get_access_team_members')",
                        "schema": {
                          "type": "object",
                          "properties": {
                            "@@odata.context": {
                              "type": "string"
                            },
                            "value": {
                              "type": "array",
                              "items": {
                                "type": "object",
                                "properties": {
                                  "systemuserid": {
                                    "type": "string"
                                  }
                                }
                              }
                            }
                          }
                        }
                      }
                    },
                    "Apply_to_each_4": {
                      "foreach": "@body('Parse_JSON_access_team_members')?['value']",
                      "actions": {
                        "Condition_4": {
                          "actions": {
                            "Set_variable_5": {
                              "runAfter": {},
                              "metadata": {
                                "operationMetadataId": "b018d6bd-a135-41b7-ad1f-0fbcb5e468d6"
                              },
                              "type": "SetVariable",
                              "inputs": {
                                "name": "continue",
                                "value": "@false"
                              }
                            },
                            "Update_a_row_2": {
                              "runAfter": {
                                "Set_variable_5": [
                                  "Succeeded"
                                ]
                              },
                              "metadata": {
                                "operationMetadataId": "cc85b9c4-ddd7-4bba-bafc-82820e1cb5ec"
                              },
                              "type": "OpenApiConnection",
                              "inputs": {
                                "host": {
                                  "connectionName": "shared_commondataserviceforapps_1",
                                  "operationId": "UpdateRecord",
                                  "apiId": "/providers/Microsoft.PowerApps/apis/shared_commondataserviceforapps"
                                },
                                "parameters": {
                                  "entityName": "crd25_tbl_servicecasemanagements",
                                  "recordId": "@triggerOutputs()?['body/crd25_tbl_servicecasemanagementid']",
                                  "item/ownerid@odata.bind": "/teams(@{items('Apply_to_each_3')?['teamid']})"
                                },
                                "authentication": "@parameters('$authentication')"
                              }
                            }
                          },
                          "runAfter": {},
                          "expression": {
                            "equals": [
                              "@items('Apply_to_each_4')?['systemuserid']",
                              "@triggerOutputs()?['body/_ownerid_value']"
                            ]
                          },
                          "metadata": {
                            "operationMetadataId": "e4116684-493d-4a37-964c-2edcc36e99eb"
                          },
                          "type": "If"
                        }
                      },
                      "runAfter": {
                        "Parse_JSON_access_team_members": [
                          "Succeeded"
                        ]
                      },
                      "metadata": {
                        "operationMetadataId": "be1052f4-3b28-4a58-9fe9-2cf44dbfad66"
                      },
                      "type": "Foreach"
                    }
                  },
                  "runAfter": {},
                  "expression": "@equals(variables('continue'), true)",
                  "limit": {
                    "count": 60,
                    "timeout": "PT1H"
                  },
                  "metadata": {
                    "operationMetadataId": "236b8be1-c0d5-42ad-8c73-8e3e7c78fb14"
                  },
                  "type": "Until"
                }
              },
              "runAfter": {},
              "metadata": {
                "operationMetadataId": "700331a7-2597-47bd-bd7a-85e43afc5f6d"
              },
              "type": "Foreach"
            }
          },
          "runAfter": {
            "Initialize_variable_3": [
              "Succeeded"
            ]
          },
          "expression": "@equals(variables('continue'), true)",
          "limit": {
            "count": 60,
            "timeout": "PT1H"
          },
          "metadata": {
            "operationMetadataId": "cd095f26-5323-4ccb-820a-9b147eb0bb6d"
          },
          "type": "Until"
        }
      }
    },
    "templateName": ""
  },
  "schemaVersion": "1.0.0.0"
}