{
  "properties": {
    "connectionReferences": {
      "shared_office365": {
        "runtimeSource": "embedded",
        "connection": {
          "connectionReferenceLogicalName": "eyf_sharedoffice365_9ad52"
        },
        "api": {
          "name": "shared_office365"
        }
      },
      "shared_commondataserviceforapps": {
        "runtimeSource": "embedded",
        "connection": {
          "connectionReferenceLogicalName": "eyf_sharedcommondataserviceforapps_d1561"
        },
        "api": {
          "name": "shared_commondataserviceforapps"
        }
      }
    },
    "definition": {
      "$schema": "https://schema.management.azure.com/providers/Microsoft.Logic/schemas/2016-06-01/workflowdefinition.json#",
      "contentVersion": "1.0.0.0",
      "parameters": {
        "$connections": {
          "defaultValue": {},
          "type": "Object"
        },
        "$authentication": {
          "defaultValue": {},
          "type": "SecureObject"
        }
      },
      "triggers": {
        "When_a_row_is_added,_modified_or_deleted": {
          "metadata": {
            "operationMetadataId": "2b41d9cb-571e-4008-b39e-b5f6c009a4b0"
          },
          "type": "OpenApiConnectionWebhook",
          "inputs": {
            "host": {
              "connectionName": "shared_commondataserviceforapps",
              "operationId": "SubscribeWebhookTrigger",
              "apiId": "/providers/Microsoft.PowerApps/apis/shared_commondataserviceforapps"
            },
            "parameters": {
              "subscriptionRequest/message": 3,
              "subscriptionRequest/entityname": "crd25_tbl_servicecasemanagement",
              "subscriptionRequest/scope": 4,
              "subscriptionRequest/filteringattributes": "ey_assignedto"
            },
            "authentication": "@parameters('$authentication')"
          }
        }
      },
      "actions": {
        "Send_an_email_(V2)": {
          "runAfter": {
            "Get_a_row_by_ID": [
              "Succeeded"
            ]
          },
          "metadata": {
            "operationMetadataId": "71c18d5d-0a66-41b9-95a3-747eec770e22"
          },
          "type": "OpenApiConnection",
          "inputs": {
            "host": {
              "connectionName": "shared_office365",
              "operationId": "SendEmailV2",
              "apiId": "/providers/Microsoft.PowerApps/apis/shared_office365"
            },
            "parameters": {
              "emailMessage/To": "@outputs('Get_a_row_by_ID_2')?['body/internalemailaddress']",
              "emailMessage/Subject": "EY Fabric Ticket Management Tool - New change",
              "emailMessage/Body": "<p>Hi @{outputs('Get_a_row_by_ID_2')?['body/firstname']},<br>\n<br>\nWe would like to inform you that your Ticket @{triggerOutputs()?['body/crd25_col_ticketid']}has been assigned to @{outputs('Get_a_row_by_ID')?['body/firstname']} (@{outputs('Get_a_row_by_ID')?['body/internalemailaddress']}).<br>\n<br>\nRegards<br>\n<br>\nEY Fabric Support Team<br>\n<br>\n</p>",
              "emailMessage/Importance": "Normal"
            },
            "authentication": "@parameters('$authentication')"
          }
        },
        "Get_a_row_by_ID_2": {
          "runAfter": {},
          "metadata": {
            "operationMetadataId": "203dfe93-1c3b-4bf5-a6db-b6cad03946e9"
          },
          "type": "OpenApiConnection",
          "inputs": {
            "host": {
              "connectionName": "shared_commondataserviceforapps",
              "operationId": "GetItem",
              "apiId": "/providers/Microsoft.PowerApps/apis/shared_commondataserviceforapps"
            },
            "parameters": {
              "entityName": "systemusers",
              "recordId": "@triggerOutputs()?['body/_ownerid_value']"
            },
            "authentication": "@parameters('$authentication')"
          }
        },
        "Get_a_row_by_ID": {
          "runAfter": {
            "Get_a_row_by_ID_2": [
              "Succeeded"
            ]
          },
          "metadata": {
            "operationMetadataId": "04adc373-07ac-4ec3-b8a4-944635b553b5"
          },
          "type": "OpenApiConnection",
          "inputs": {
            "host": {
              "connectionName": "shared_commondataserviceforapps",
              "operationId": "GetItem",
              "apiId": "/providers/Microsoft.PowerApps/apis/shared_commondataserviceforapps"
            },
            "parameters": {
              "entityName": "systemusers",
              "recordId": "@triggerOutputs()?['body/_ey_assignedto_value']"
            },
            "authentication": "@parameters('$authentication')"
          }
        }
      }
    },
    "templateName": ""
  },
  "schemaVersion": "1.0.0.0"
}