{
  "properties": {
    "connectionReferences": {
      "shared_azuread": {
        "runtimeSource": "embedded",
        "connection": {
          "connectionReferenceLogicalName": "eyf_sharedazuread_cc06c"
        },
        "api": {
          "name": "shared_azuread"
        }
      },
      "shared_commondataserviceforapps": {
        "runtimeSource": "embedded",
        "connection": {
          "connectionReferenceLogicalName": "eyf_sharedcommondataserviceforapps_d1561"
        },
        "api": {
          "name": "shared_commondataserviceforapps"
        }
      },
      "shared_commondataserviceforapps_2": {
        "runtimeSource": "embedded",
        "connection": {
          "connectionReferenceLogicalName": "eyf_sharedcommondataserviceforapps_74936"
        },
        "api": {
          "name": "shared_commondataserviceforapps"
        }
      }
    },
    "definition": {
      "$schema": "https://schema.management.azure.com/providers/Microsoft.Logic/schemas/2016-06-01/workflowdefinition.json#",
      "contentVersion": "1.0.0.0",
      "parameters": {
        "$connections": {
          "defaultValue": {},
          "type": "Object"
        },
        "$authentication": {
          "defaultValue": {},
          "type": "SecureObject"
        },
        "DefaultTeam (eyf_DefaultTeam)": {
          "defaultValue": "fabricacrm-dev",
          "type": "String",
          "metadata": {
            "schemaName": "eyf_DefaultTeam"
          }
        }
      },
      "triggers": {
        "When_a_row_is_added,_modified_or_deleted": {
          "metadata": {
            "operationMetadataId": "cb0470db-39cc-4a32-8da8-a793be1dde66"
          },
          "type": "OpenApiConnectionWebhook",
          "inputs": {
            "host": {
              "connectionName": "shared_commondataserviceforapps",
              "operationId": "SubscribeWebhookTrigger",
              "apiId": "/providers/Microsoft.PowerApps/apis/shared_commondataserviceforapps"
            },
            "parameters": {
              "subscriptionRequest/message": 4,
              "subscriptionRequest/entityname": "eyf_useraccesstracker",
              "subscriptionRequest/scope": 4
            },
            "authentication": "@parameters('$authentication')"
          }
        }
      },
      "actions": {
        "Get_user": {
          "runAfter": {
            "Get_a_row_by_ID": [
              "Succeeded"
            ]
          },
          "metadata": {
            "operationMetadataId": "02dd5ee9-6d10-4a5f-af71-8697781b1dd0"
          },
          "type": "OpenApiConnection",
          "inputs": {
            "host": {
              "connectionName": "shared_azuread",
              "operationId": "GetUser",
              "apiId": "/providers/Microsoft.PowerApps/apis/shared_azuread"
            },
            "parameters": {
              "id": "@triggerOutputs()?['body/eyf_email']"
            },
            "authentication": "@parameters('$authentication')"
          }
        },
        "GetUsers(ListRows)": {
          "runAfter": {
            "Update_a_row": [
              "Succeeded"
            ]
          },
          "metadata": {
            "operationMetadataId": "9e2a64cd-014c-4b87-a60e-93549532780a"
          },
          "type": "OpenApiConnection",
          "inputs": {
            "host": {
              "connectionName": "shared_commondataserviceforapps",
              "operationId": "ListRecords",
              "apiId": "/providers/Microsoft.PowerApps/apis/shared_commondataserviceforapps"
            },
            "parameters": {
              "entityName": "systemusers",
              "$filter": "internalemailaddress eq '@{toLower(outputs('Get_user')?['body/mail'])}' or internalemailaddress eq '@{toUpper(outputs('Get_user')?['body/mail'])}' or internalemailaddress eq '@{outputs('Get_user')?['body/mail']}'"
            },
            "authentication": "@parameters('$authentication')"
          }
        },
        "Exist_the_user_in_User_table": {
          "actions": {
            "Add_a_new_user_to_Users_table": {
              "runAfter": {},
              "metadata": {
                "operationMetadataId": "386c078a-538d-4e36-a5f3-485bf9d674cb"
              },
              "type": "OpenApiConnection",
              "inputs": {
                "host": {
                  "connectionName": "shared_commondataserviceforapps",
                  "operationId": "CreateRecord",
                  "apiId": "/providers/Microsoft.PowerApps/apis/shared_commondataserviceforapps"
                },
                "parameters": {
                  "entityName": "systemusers",
                  "item/msdyn_botprovider": 192350002,
                  "item/msdyn_isexpertenabledforswarm": false,
                  "item/firstname": "@outputs('Get_user')?['body/givenName']",
                  "item/invitestatuscode": 4,
                  "item/lastname": "@outputs('Get_user')?['body/surname']",
                  "item/internalemailaddress": "@outputs('Get_user')?['body/mail']"
                },
                "authentication": "@parameters('$authentication')"
              }
            },
            "Set_variable_11": {
              "runAfter": {
                "Add_a_new_user_to_Users_table": [
                  "Succeeded"
                ]
              },
              "metadata": {
                "operationMetadataId": "e53a7560-09d5-4744-9bd5-b4d9a71245bd"
              },
              "type": "SetVariable",
              "inputs": {
                "name": "UserId",
                "value": "@outputs('Add_a_new_user_to_Users_table')?['body/systemuserid']"
              }
            }
          },
          "runAfter": {
            "GetUsers(ListRows)": [
              "Succeeded"
            ]
          },
          "else": {
            "actions": {
              "Apply_to_each": {
                "foreach": "@outputs('GetUsers(ListRows)')?['body/value']",
                "actions": {
                  "Set_variable_10": {
                    "runAfter": {},
                    "metadata": {
                      "operationMetadataId": "f45e8d53-c3f1-4ce5-8f10-0c7e80aed963"
                    },
                    "type": "SetVariable",
                    "inputs": {
                      "name": "UserId",
                      "value": "@items('Apply_to_each')?['systemuserid']"
                    }
                  }
                },
                "runAfter": {},
                "metadata": {
                  "operationMetadataId": "6c5773ee-e787-45f8-a322-8f2183b90b22"
                },
                "type": "Foreach"
              },
              "GetAllSecurityRolesToUnrelate": {
                "runAfter": {
                  "Apply_to_each": [
                    "Succeeded"
                  ]
                },
                "metadata": {
                  "operationMetadataId": "2f1948bd-75d7-41fc-8b12-e2c415ae7035"
                },
                "type": "OpenApiConnection",
                "inputs": {
                  "host": {
                    "connectionName": "shared_commondataserviceforapps_2",
                    "operationId": "ListRecords",
                    "apiId": "/providers/Microsoft.PowerApps/apis/shared_commondataserviceforapps"
                  },
                  "parameters": {
                    "entityName": "roles",
                    "$filter": "name eq 'System Administrator' or name eq 'System Customizer' or name eq 'Basic User' or name eq 'App Opener' or name eq 'Community Engagement Manager' or name eq 'Platform Success Manager'  or name eq 'Product Activation Manager' or name eq 'Dynamics 365 App for Outlook User'"
                  },
                  "authentication": "@parameters('$authentication')"
                }
              },
              "Apply_to_each_2": {
                "foreach": "@outputs('GetAllSecurityRolesToUnrelate')?['body/value']",
                "actions": {
                  "Unrelate_rows": {
                    "runAfter": {},
                    "metadata": {
                      "operationMetadataId": "28ea9539-2862-4561-a205-080c54b8f330"
                    },
                    "type": "OpenApiConnection",
                    "inputs": {
                      "host": {
                        "connectionName": "shared_commondataserviceforapps_2",
                        "operationId": "DisassociateEntities",
                        "apiId": "/providers/Microsoft.PowerApps/apis/shared_commondataserviceforapps"
                      },
                      "parameters": {
                        "entityName": "systemusers",
                        "recordId": "@variables('UserId')",
                        "associationEntityRelationship": "systemuserroles_association",
                        "$id": "@items('Apply_to_each_2')?['roleid']"
                      },
                      "authentication": "@parameters('$authentication')"
                    }
                  }
                },
                "runAfter": {
                  "GetAllSecurityRolesToUnrelate": [
                    "Succeeded"
                  ]
                },
                "metadata": {
                  "operationMetadataId": "27a66507-0989-4edf-ba81-007e2bb2f140"
                },
                "type": "Foreach"
              }
            }
          },
          "expression": {
            "equals": [
              "@empty(outputs('GetUsers(ListRows)')?['body/value'])",
              "@true"
            ]
          },
          "metadata": {
            "operationMetadataId": "0f8519c7-0962-4bf9-932b-4ee8b5966534"
          },
          "type": "If"
        },
        "Update_a_row": {
          "runAfter": {
            "Get_user": [
              "Succeeded"
            ]
          },
          "metadata": {
            "operationMetadataId": "9b00df07-eb92-4de0-b3a0-cd4757568230"
          },
          "type": "OpenApiConnection",
          "inputs": {
            "host": {
              "connectionName": "shared_commondataserviceforapps",
              "operationId": "UpdateRecord",
              "apiId": "/providers/Microsoft.PowerApps/apis/shared_commondataserviceforapps"
            },
            "parameters": {
              "entityName": "eyf_useraccesstrackers",
              "recordId": "@triggerOutputs()?['body/eyf_useraccesstrackerid']",
              "item/eyf_email": "@outputs('Get_user')?['body/mail']",
              "item/eyf_fullname": "@{outputs('Get_user')?['body/givenName']} @{outputs('Get_user')?['body/surname']}"
            },
            "authentication": "@parameters('$authentication')"
          }
        },
        "Get_a_row_by_ID": {
          "runAfter": {
            "Initialize_variable_3": [
              "Succeeded"
            ]
          },
          "metadata": {
            "operationMetadataId": "7733703a-9481-4807-936a-50aff2e76d55"
          },
          "type": "OpenApiConnection",
          "inputs": {
            "host": {
              "connectionName": "shared_commondataserviceforapps",
              "operationId": "GetItem",
              "apiId": "/providers/Microsoft.PowerApps/apis/shared_commondataserviceforapps"
            },
            "parameters": {
              "entityName": "eyf_useraccesstrackers",
              "recordId": "@triggerOutputs()?['body/eyf_useraccesstrackerid']"
            },
            "authentication": "@parameters('$authentication')"
          }
        },
        "Initialize_variable": {
          "runAfter": {},
          "metadata": {
            "operationMetadataId": "4e59a806-7a40-44c2-8a3f-31da94c70e3c"
          },
          "type": "InitializeVariable",
          "inputs": {
            "variables": [
              {
                "name": "Team",
                "type": "string"
              }
            ]
          }
        },
        "Initialize_variable_2": {
          "runAfter": {
            "Initialize_variable": [
              "Succeeded"
            ]
          },
          "metadata": {
            "operationMetadataId": "c8034cce-31b0-49e8-b4cf-29099d056197"
          },
          "type": "InitializeVariable",
          "inputs": {
            "variables": [
              {
                "name": "SR",
                "type": "string"
              }
            ]
          }
        },
        "Is_required_Outlook_Integration_": {
          "actions": {
            "Relate_rows_assign_SR_for_Outlook_integration": {
              "runAfter": {},
              "metadata": {
                "operationMetadataId": "bc9ec4b6-1b35-4b43-bfca-e0e8c5c31ee3"
              },
              "type": "OpenApiConnection",
              "inputs": {
                "host": {
                  "connectionName": "shared_commondataserviceforapps",
                  "operationId": "AssociateEntities",
                  "apiId": "/providers/Microsoft.PowerApps/apis/shared_commondataserviceforapps"
                },
                "parameters": {
                  "entityName": "systemusers",
                  "recordId": "@variables('UserId')",
                  "associationEntityRelationship": "systemuserroles_association",
                  "item/@odata.id": "https://fabricacrm-dev.crm.dynamics.com/api/data/v9.1/roles(2407db5e-edae-4e36-9be1-fd61d4d15809)"
                },
                "authentication": "@parameters('$authentication')"
              }
            }
          },
          "runAfter": {
            "Apply_to_each_11": [
              "Succeeded"
            ]
          },
          "expression": {
            "equals": [
              "@triggerOutputs()?['body/eyf_outlookintegration']",
              "@true"
            ]
          },
          "metadata": {
            "operationMetadataId": "3739700e-7c82-44f3-a9be-8becc7ae2115"
          },
          "type": "If"
        },
        "Define_Team": {
          "runAfter": {
            "Is_required_Outlook_Integration_": [
              "Succeeded"
            ]
          },
          "cases": {
            "Platform_Activation_Team": {
              "case": "791380000",
              "actions": {
                "List_rows": {
                  "runAfter": {},
                  "metadata": {
                    "operationMetadataId": "138cbc6c-25bf-4141-944f-e40b5d6a89e1"
                  },
                  "type": "OpenApiConnection",
                  "inputs": {
                    "host": {
                      "connectionName": "shared_commondataserviceforapps_2",
                      "operationId": "ListRecords",
                      "apiId": "/providers/Microsoft.PowerApps/apis/shared_commondataserviceforapps"
                    },
                    "parameters": {
                      "entityName": "teams",
                      "$filter": "name eq 'Product Activation Team'"
                    },
                    "authentication": "@parameters('$authentication')"
                  }
                },
                "Apply_to_each_4": {
                  "foreach": "@outputs('List_rows')?['body/value']",
                  "actions": {
                    "Set_variable": {
                      "runAfter": {},
                      "metadata": {
                        "operationMetadataId": "e5c0c670-8090-4dca-bb67-d690b45b6628"
                      },
                      "type": "SetVariable",
                      "inputs": {
                        "name": "Team",
                        "value": "@items('Apply_to_each_4')?['teamid']"
                      }
                    }
                  },
                  "runAfter": {
                    "List_rows": [
                      "Succeeded"
                    ]
                  },
                  "metadata": {
                    "operationMetadataId": "13d57243-f993-49af-a47d-948e3f66c59d"
                  },
                  "type": "Foreach"
                }
              }
            },
            "Platform_Success_Team": {
              "case": "791380001",
              "actions": {
                "List_rows_2": {
                  "runAfter": {},
                  "metadata": {
                    "operationMetadataId": "1ed9adec-ec74-4e15-887a-b6efe73df9d0"
                  },
                  "type": "OpenApiConnection",
                  "inputs": {
                    "host": {
                      "connectionName": "shared_commondataserviceforapps_2",
                      "operationId": "ListRecords",
                      "apiId": "/providers/Microsoft.PowerApps/apis/shared_commondataserviceforapps"
                    },
                    "parameters": {
                      "entityName": "teams",
                      "$filter": "name eq 'Platform Success Team'"
                    },
                    "authentication": "@parameters('$authentication')"
                  }
                },
                "Apply_to_each_5": {
                  "foreach": "@outputs('List_rows_2')?['body/value']",
                  "actions": {
                    "Set_variable_2": {
                      "runAfter": {},
                      "metadata": {
                        "operationMetadataId": "c6894ffe-62f8-4f3f-904d-79ae6ffe47d0"
                      },
                      "type": "SetVariable",
                      "inputs": {
                        "name": "Team",
                        "value": "@items('Apply_to_each_5')?['teamid']"
                      }
                    }
                  },
                  "runAfter": {
                    "List_rows_2": [
                      "Succeeded"
                    ]
                  },
                  "metadata": {
                    "operationMetadataId": "8973680e-f58e-4a01-a54c-cf141bf5f4ae"
                  },
                  "type": "Foreach"
                }
              }
            },
            "Community_Engagement_Team": {
              "case": "791380002",
              "actions": {
                "List_rows_3": {
                  "runAfter": {},
                  "metadata": {
                    "operationMetadataId": "6a25c6f0-d053-4999-9521-824c4bf08a92"
                  },
                  "type": "OpenApiConnection",
                  "inputs": {
                    "host": {
                      "connectionName": "shared_commondataserviceforapps_2",
                      "operationId": "ListRecords",
                      "apiId": "/providers/Microsoft.PowerApps/apis/shared_commondataserviceforapps"
                    },
                    "parameters": {
                      "entityName": "teams",
                      "$filter": "name eq 'CE Team'"
                    },
                    "authentication": "@parameters('$authentication')"
                  }
                },
                "Apply_to_each_6": {
                  "foreach": "@outputs('List_rows_3')?['body/value']",
                  "actions": {
                    "Set_variable_3": {
                      "runAfter": {},
                      "metadata": {
                        "operationMetadataId": "98ae5827-415f-4fc1-99c7-15325d343563"
                      },
                      "type": "SetVariable",
                      "inputs": {
                        "name": "Team",
                        "value": "@items('Apply_to_each_6')?['teamid']"
                      }
                    }
                  },
                  "runAfter": {
                    "List_rows_3": [
                      "Succeeded"
                    ]
                  },
                  "metadata": {
                    "operationMetadataId": "93c2f411-f043-413a-b78f-41dc9a04ec0b"
                  },
                  "type": "Foreach"
                }
              }
            }
          },
          "default": {
            "actions": {
              "List_rows_5": {
                "runAfter": {},
                "metadata": {
                  "operationMetadataId": "82adff2f-9758-47fb-9efb-ce38f0eaf18f"
                },
                "type": "OpenApiConnection",
                "inputs": {
                  "host": {
                    "connectionName": "shared_commondataserviceforapps_2",
                    "operationId": "ListRecords",
                    "apiId": "/providers/Microsoft.PowerApps/apis/shared_commondataserviceforapps"
                  },
                  "parameters": {
                    "entityName": "teams",
                    "$filter": "name eq '@{parameters('DefaultTeam (eyf_DefaultTeam)')}'"
                  },
                  "authentication": "@parameters('$authentication')"
                }
              },
              "Apply_to_each_7": {
                "foreach": "@outputs('List_rows_5')?['body/value']",
                "actions": {
                  "Set_variable_4": {
                    "runAfter": {},
                    "metadata": {
                      "operationMetadataId": "d23c2048-de8b-4034-b30b-73c1dd609ca2"
                    },
                    "type": "SetVariable",
                    "inputs": {
                      "name": "Team",
                      "value": "@items('Apply_to_each_7')?['teamid']"
                    }
                  }
                },
                "runAfter": {
                  "List_rows_5": [
                    "Succeeded"
                  ]
                },
                "metadata": {
                  "operationMetadataId": "f882a8db-b1fc-48e5-81b9-08e2ee3c19d5"
                },
                "type": "Foreach"
              }
            }
          },
          "expression": "@triggerOutputs()?['body/eyf_teams']",
          "metadata": {
            "operationMetadataId": "4f467531-3d39-44b3-aa20-32c1785ba2c1"
          },
          "type": "Switch"
        },
        "Relate_rows_Teams": {
          "runAfter": {
            "Define_Team": [
              "Succeeded"
            ]
          },
          "metadata": {
            "operationMetadataId": "827f6404-21c7-4017-8f60-ecc7c72fb3ff"
          },
          "type": "OpenApiConnection",
          "inputs": {
            "host": {
              "connectionName": "shared_commondataserviceforapps",
              "operationId": "AssociateEntities",
              "apiId": "/providers/Microsoft.PowerApps/apis/shared_commondataserviceforapps"
            },
            "parameters": {
              "entityName": "systemusers",
              "recordId": "@variables('UserId')",
              "associationEntityRelationship": "teammembership_association",
              "item/@odata.id": "https://fabricacrm-dev.crm.dynamics.com/api/data/v9.1/teams(@{variables('Team')})"
            },
            "authentication": "@parameters('$authentication')"
          }
        },
        "Define_SR": {
          "runAfter": {
            "Relate_rows_Teams": [
              "Succeeded"
            ]
          },
          "cases": {
            "Platform_Success_Manager_": {
              "case": "791380002",
              "actions": {
                "List_rows_6": {
                  "runAfter": {},
                  "metadata": {
                    "operationMetadataId": "a99c7202-04d3-4943-b340-f2af50264800"
                  },
                  "type": "OpenApiConnection",
                  "inputs": {
                    "host": {
                      "connectionName": "shared_commondataserviceforapps_2",
                      "operationId": "ListRecords",
                      "apiId": "/providers/Microsoft.PowerApps/apis/shared_commondataserviceforapps"
                    },
                    "parameters": {
                      "entityName": "roles",
                      "$filter": "name eq 'Platform Success Manager'",
                      "$top": 1
                    },
                    "authentication": "@parameters('$authentication')"
                  }
                },
                "Apply_to_each_8": {
                  "foreach": "@outputs('List_rows_6')?['body/value']",
                  "actions": {
                    "Relate_rows_assign_SR_new_user": {
                      "runAfter": {},
                      "metadata": {
                        "operationMetadataId": "bc9ec4b6-1b35-4b43-bfca-e0e8c5c31ee3"
                      },
                      "type": "OpenApiConnection",
                      "inputs": {
                        "host": {
                          "connectionName": "shared_commondataserviceforapps",
                          "operationId": "AssociateEntities",
                          "apiId": "/providers/Microsoft.PowerApps/apis/shared_commondataserviceforapps"
                        },
                        "parameters": {
                          "entityName": "systemusers",
                          "recordId": "@variables('UserId')",
                          "associationEntityRelationship": "systemuserroles_association",
                          "item/@odata.id": "https://fabricacrm-dev.crm.dynamics.com/api/data/v9.1/roles(@{items('Apply_to_each_8')?['roleid']})"
                        },
                        "authentication": "@parameters('$authentication')"
                      }
                    }
                  },
                  "runAfter": {
                    "List_rows_6": [
                      "Succeeded"
                    ]
                  },
                  "metadata": {
                    "operationMetadataId": "07dbca4e-eda6-48ef-aa76-cbf396775056"
                  },
                  "type": "Foreach"
                }
              }
            },
            "Community_Engagement_Manager": {
              "case": "791380003",
              "actions": {
                "List_rows_7": {
                  "runAfter": {},
                  "metadata": {
                    "operationMetadataId": "2c16400b-d671-44ab-a261-cb1adf96f933"
                  },
                  "type": "OpenApiConnection",
                  "inputs": {
                    "host": {
                      "connectionName": "shared_commondataserviceforapps_2",
                      "operationId": "ListRecords",
                      "apiId": "/providers/Microsoft.PowerApps/apis/shared_commondataserviceforapps"
                    },
                    "parameters": {
                      "entityName": "roles",
                      "$filter": "name eq 'Community Engagement Manager'",
                      "$top": 1
                    },
                    "authentication": "@parameters('$authentication')"
                  }
                },
                "Apply_to_each_9": {
                  "foreach": "@outputs('List_rows_7')?['body/value']",
                  "actions": {
                    "Relate_rows_2": {
                      "runAfter": {},
                      "metadata": {
                        "operationMetadataId": "8e9f069b-2252-4a4a-b775-7375b5f39ae4"
                      },
                      "type": "OpenApiConnection",
                      "inputs": {
                        "host": {
                          "connectionName": "shared_commondataserviceforapps",
                          "operationId": "AssociateEntities",
                          "apiId": "/providers/Microsoft.PowerApps/apis/shared_commondataserviceforapps"
                        },
                        "parameters": {
                          "entityName": "systemusers",
                          "recordId": "@variables('UserId')",
                          "associationEntityRelationship": "systemuserroles_association",
                          "item/@odata.id": "https://fabricacrm-dev.crm.dynamics.com/api/data/v9.1/roles(@{items('Apply_to_each_9')?['roleid']})"
                        },
                        "authentication": "@parameters('$authentication')"
                      }
                    }
                  },
                  "runAfter": {
                    "List_rows_7": [
                      "Succeeded"
                    ]
                  },
                  "metadata": {
                    "operationMetadataId": "3335c4ce-32df-4ec0-8e36-af75c0642ea6"
                  },
                  "type": "Foreach"
                }
              }
            },
            "Product_Activation_Manager_": {
              "case": "791380004",
              "actions": {
                "List_rows_8": {
                  "runAfter": {},
                  "metadata": {
                    "operationMetadataId": "5b2c42e2-863e-42a7-9544-2049ea7d2021"
                  },
                  "type": "OpenApiConnection",
                  "inputs": {
                    "host": {
                      "connectionName": "shared_commondataserviceforapps_2",
                      "operationId": "ListRecords",
                      "apiId": "/providers/Microsoft.PowerApps/apis/shared_commondataserviceforapps"
                    },
                    "parameters": {
                      "entityName": "roles",
                      "$filter": "name eq 'Product Activation Manager'",
                      "$top": 1
                    },
                    "authentication": "@parameters('$authentication')"
                  }
                },
                "Apply_to_each_10": {
                  "foreach": "@outputs('List_rows_8')?['body/value']",
                  "actions": {
                    "Relate_rows": {
                      "runAfter": {},
                      "metadata": {
                        "operationMetadataId": "b9b9ba61-afa5-4767-b5de-d30755db7191"
                      },
                      "type": "OpenApiConnection",
                      "inputs": {
                        "host": {
                          "connectionName": "shared_commondataserviceforapps",
                          "operationId": "AssociateEntities",
                          "apiId": "/providers/Microsoft.PowerApps/apis/shared_commondataserviceforapps"
                        },
                        "parameters": {
                          "entityName": "systemusers",
                          "recordId": "@variables('UserId')",
                          "associationEntityRelationship": "systemuserroles_association",
                          "item/@odata.id": "https://fabricacrm-dev.crm.dynamics.com/api/data/v9.1/roles(@{items('Apply_to_each_10')?['roleid']})"
                        },
                        "authentication": "@parameters('$authentication')"
                      }
                    }
                  },
                  "runAfter": {
                    "List_rows_8": [
                      "Succeeded"
                    ]
                  },
                  "metadata": {
                    "operationMetadataId": "0745076c-7977-4646-a576-9ba777059cf6"
                  },
                  "type": "Foreach"
                }
              }
            }
          },
          "default": {
            "actions": {
              "List_rows_4": {
                "runAfter": {},
                "metadata": {
                  "operationMetadataId": "9469f271-afd2-4ec1-a3f7-114a1bd3609a"
                },
                "type": "OpenApiConnection",
                "inputs": {
                  "host": {
                    "connectionName": "shared_commondataserviceforapps_2",
                    "operationId": "ListRecords",
                    "apiId": "/providers/Microsoft.PowerApps/apis/shared_commondataserviceforapps"
                  },
                  "parameters": {
                    "entityName": "roles",
                    "$filter": "name eq 'System Administrator' or name eq 'System Customizer'"
                  },
                  "authentication": "@parameters('$authentication')"
                }
              },
              "Apply_to_each_3": {
                "foreach": "@outputs('List_rows_4')?['body/value']",
                "actions": {
                  "Relate_rows_3": {
                    "runAfter": {},
                    "metadata": {
                      "operationMetadataId": "4c600168-6834-4ab1-84d4-ac166089da4f"
                    },
                    "type": "OpenApiConnection",
                    "inputs": {
                      "host": {
                        "connectionName": "shared_commondataserviceforapps",
                        "operationId": "AssociateEntities",
                        "apiId": "/providers/Microsoft.PowerApps/apis/shared_commondataserviceforapps"
                      },
                      "parameters": {
                        "entityName": "systemusers",
                        "recordId": "@variables('UserId')",
                        "associationEntityRelationship": "systemuserroles_association",
                        "item/@odata.id": "https://fabricacrm-dev.crm.dynamics.com/api/data/v9.1/roles(@{items('Apply_to_each_3')?['roleid']})"
                      },
                      "authentication": "@parameters('$authentication')"
                    }
                  }
                },
                "runAfter": {
                  "List_rows_4": [
                    "Succeeded"
                  ]
                },
                "metadata": {
                  "operationMetadataId": "eff415c4-9192-49af-9528-accc258c033d"
                },
                "type": "Foreach"
              }
            }
          },
          "expression": "@triggerOutputs()?['body/eyf_securityrole']",
          "metadata": {
            "operationMetadataId": "1b12485b-19a0-4e73-a4a6-eb895461fb52"
          },
          "type": "Switch"
        },
        "Initialize_variable_3": {
          "runAfter": {
            "Initialize_variable_2": [
              "Succeeded"
            ]
          },
          "metadata": {
            "operationMetadataId": "5ab0b0e5-882e-421e-96c6-157c1374af47"
          },
          "type": "InitializeVariable",
          "inputs": {
            "variables": [
              {
                "name": "UserId",
                "type": "string"
              }
            ]
          }
        },
        "Get_Basic_User_and_App_Opener_Roles": {
          "runAfter": {
            "Exist_the_user_in_User_table": [
              "Succeeded"
            ]
          },
          "metadata": {
            "operationMetadataId": "2f1948bd-75d7-41fc-8b12-e2c415ae7035"
          },
          "type": "OpenApiConnection",
          "inputs": {
            "host": {
              "connectionName": "shared_commondataserviceforapps_2",
              "operationId": "ListRecords",
              "apiId": "/providers/Microsoft.PowerApps/apis/shared_commondataserviceforapps"
            },
            "parameters": {
              "entityName": "roles",
              "$filter": "name eq 'Basic User' or name eq 'App Opener'"
            },
            "authentication": "@parameters('$authentication')"
          }
        },
        "Apply_to_each_11": {
          "foreach": "@outputs('Get_Basic_User_and_App_Opener_Roles')?['body/value']",
          "actions": {
            "Relate_rows_assign_Basic_User_and_App_Oppener_SR": {
              "runAfter": {},
              "metadata": {
                "operationMetadataId": "bc9ec4b6-1b35-4b43-bfca-e0e8c5c31ee3"
              },
              "type": "OpenApiConnection",
              "inputs": {
                "host": {
                  "connectionName": "shared_commondataserviceforapps",
                  "operationId": "AssociateEntities",
                  "apiId": "/providers/Microsoft.PowerApps/apis/shared_commondataserviceforapps"
                },
                "parameters": {
                  "entityName": "systemusers",
                  "recordId": "@variables('UserId')",
                  "associationEntityRelationship": "systemuserroles_association",
                  "item/@odata.id": "https://fabricacrm-dev.crm.dynamics.com/api/data/v9.1/roles(@{items('Apply_to_each_11')?['roleid']})"
                },
                "authentication": "@parameters('$authentication')"
              }
            }
          },
          "runAfter": {
            "Get_Basic_User_and_App_Opener_Roles": [
              "Succeeded"
            ]
          },
          "metadata": {
            "operationMetadataId": "cec6803e-ed9f-4709-acff-a8860ab5836b"
          },
          "type": "Foreach"
        }
      }
    },
    "templateName": ""
  },
  "schemaVersion": "1.0.0.0"
}