{
  "properties": {
    "connectionReferences": {
      "shared_commondataserviceforapps": {
        "runtimeSource": "embedded",
        "connection": {
          "connectionReferenceLogicalName": "eyf_sharedcommondataserviceforapps_d1561"
        },
        "api": {
          "name": "shared_commondataserviceforapps"
        }
      },
      "shared_office365": {
        "runtimeSource": "embedded",
        "connection": {
          "connectionReferenceLogicalName": "eyf_sharedoffice365_9ad52"
        },
        "api": {
          "name": "shared_office365"
        }
      }
    },
    "definition": {
      "$schema": "https://schema.management.azure.com/providers/Microsoft.Logic/schemas/2016-06-01/workflowdefinition.json#",
      "contentVersion": "1.0.0.0",
      "parameters": {
        "$connections": {
          "defaultValue": {},
          "type": "Object"
        },
        "$authentication": {
          "defaultValue": {},
          "type": "SecureObject"
        }
      },
      "triggers": {
        "When_a_row_is_added,_modified_or_deleted": {
          "metadata": {
            "operationMetadataId": "2ae1fe50-c00f-439b-8792-1a7e22488790"
          },
          "type": "OpenApiConnectionWebhook",
          "inputs": {
            "host": {
              "connectionName": "shared_commondataserviceforapps",
              "operationId": "SubscribeWebhookTrigger",
              "apiId": "/providers/Microsoft.PowerApps/apis/shared_commondataserviceforapps"
            },
            "parameters": {
              "subscriptionRequest/message": 3,
              "subscriptionRequest/entityname": "crd25_tbl_servicecasemanagement",
              "subscriptionRequest/scope": 4,
              "subscriptionRequest/filteringattributes": "ey_status"
            },
            "authentication": "@parameters('$authentication')"
          }
        }
      },
      "actions": {
        "Initialize_variable": {
          "runAfter": {},
          "metadata": {
            "operationMetadataId": "bef24a25-7805-41ac-b892-f897998cf3f0"
          },
          "type": "InitializeVariable",
          "inputs": {
            "variables": [
              {
                "name": "Env",
                "type": "string"
              }
            ]
          }
        },
        "Initialize_variable_2": {
          "runAfter": {
            "Initialize_variable": [
              "Succeeded"
            ]
          },
          "metadata": {
            "operationMetadataId": "b9787850-0ef0-45c9-b9b0-548e250135a1"
          },
          "type": "InitializeVariable",
          "inputs": {
            "variables": [
              {
                "name": "LINK",
                "type": "string"
              }
            ]
          }
        },
        "Condition": {
          "actions": {
            "List_rows_2": {
              "runAfter": {},
              "metadata": {
                "operationMetadataId": "71877b26-0783-46bd-87da-cbadb45cf03c"
              },
              "type": "OpenApiConnection",
              "inputs": {
                "host": {
                  "connectionName": "shared_commondataserviceforapps",
                  "operationId": "ListRecords",
                  "apiId": "/providers/Microsoft.PowerApps/apis/shared_commondataserviceforapps"
                },
                "parameters": {
                  "entityName": "environmentvariabledefinitions",
                  "$filter": "displayname eq 'Environment'",
                  "$top": 1
                },
                "authentication": "@parameters('$authentication')"
              }
            },
            "Send_an_email_(V2)": {
              "runAfter": {
                "Get_a_row_by_ID": [
                  "Succeeded"
                ]
              },
              "metadata": {
                "operationMetadataId": "46546c11-2c53-4cd3-bdae-2b67434252b9"
              },
              "type": "OpenApiConnection",
              "inputs": {
                "host": {
                  "connectionName": "shared_office365",
                  "operationId": "SendEmailV2",
                  "apiId": "/providers/Microsoft.PowerApps/apis/shared_office365"
                },
                "parameters": {
                  "emailMessage/To": "@outputs('Get_a_row_by_ID')?['body/internalemailaddress']",
                  "emailMessage/Subject": "Ticket Closure Notification - @{triggerOutputs()?['body/crd25_col_ticketid']}",
                  "emailMessage/Body": "<!DOCTYPE html PUBLIC \"-//W3C//DTD XHTML 1.0 Transitional//EN\" \"http://www.w3.org/TR/xhtml1/DTD/xhtml1-transitional.dtd\"><html><head>\n            <meta http-equiv=\"Content-Type\" content=\"text/html; charset=utf-8\">\n            <meta name=\"viewport\" content=\"width=device-width, initial-scale=1.0\">\n            <title>My Email Subject</title>\n            <meta name=\"referrer\" content=\"never\">\n            <meta name=\"format-detection\" content=\"telephone=no,date=no,address=no,email=no\">\n            <meta name=\"x-apple-disable-message-reformatting\">\n            <meta type=\"xrm/designer/setting\" name=\"type\" value=\"marketing-designer-content-editor-document\">\n            <meta type=\"xrm/designer/setting\" name=\"layout-editable\" value=\"marketing-designer-layout-editable\">\n            <meta type=\"xrm/designer/setting\" name=\"layout-max-width\" value=\"600px\" datatype=\"text\" label=\"Layout max width\">\n            <meta type=\"xrm/designer/setting\" name=\"font-family\" value=\"Arial, Verdana, sans-serif\" datatype=\"font\" label=\"Font Family\">\n            <meta type=\"xrm/designer/setting\" name=\"body-text-size\" value=\"14px\" datatype=\"text\" label=\"Body Font Size\">\n            <meta type=\"xrm/designer/setting\" name=\"body-text-color\" value=\"#000\" datatype=\"color\" label=\"Body Text Color\">\n            <meta type=\"xrm/designer/setting\" name=\"outer-background\" value=\"#FFFFF\" datatype=\"color\" label=\"Email Background\">\n            <style>\n                body {\n                    font-family: Arial, Verdana, sans-serif;\n                    font-size: 14px;\n                    color: #000;\n                    background-color: #fff;\n                }\n\n                h1 {\n                    color: #000;\n                    font-size: 34px;\n                    font-weight: normal;\n                    font-family: Verdana, Arial, sans-serif;\n                    line-height: inherit;\n                    text-align: left;\n                    margin: 0px;\n                }\n\n                h2 {\n                    color: #333;\n                    font-size: 24px;\n                    font-weight: normal;\n                    font-family: sans-serif;\n                    line-height: inherit;\n                    text-align: left;\n                    margin: 0px;\n                }\n\n                h3 {\n                    color: #000;\n                    font-size: 16px;\n                    font-weight: normal;\n                    font-family: Verdana, Arial, sans-serif;\n                    line-height: inherit;\n                    text-align: left;\n                    margin: 0px;\n                }\n\n                p {\n                    font-family: Arial, Verdana, sans-serif;\n                    font-size: 14px;\n                    color: #000;\n                    line-height: inherit;\n                    font-weight: normal;\n                    text-align: left;\n                }\n\n                a {\n                    font-family: Arial, Verdana, sans-serif;\n                    font-size: inherit;\n                    font-weight: normal;\n                    color: #0082dd;\n                    text-decoration: none;\n                }\n\n                .buttonWrapper {\n                    margin: 10px 0px;\n                }\n\n                .buttonClass {\n                    font-family: Arial, Verdana, sans-serif;\n                    font-size: 16px;\n                    font-weight: normal;\n                    border-radius: 4px;\n                    color: white;\n                    border: none;\n                    background-color: rgb(7, 66, 171);\n                    padding: 10px 20px;\n                    text-decoration: none;\n                }\n\n                .buttonClass span {\n                    font-family: inherit;\n                    text-decoration: inherit;\n                }\n\n                .divider {\n                    border-top: 2px solid silver;\n                    margin: 10px 0px;\n                    width: 100%;\n                }\n\n                div div {\n                    background-color: transparent;\n                }\n\n                [data-layout=\"true\"] {\n                    border: none;\n                    margin: 0 auto;\n                    background-color: rgb(255, 255, 255);\n                    max-width: /* @layout-max-width */ 600px /* @layout-max-width */;\n                }\n   \n            </style>\n        </head>\n\n<body dir=\"ltr\">\n    <div data-layout=\"true\" data-layout-version=\"v2\" style=\"max-width: 600px; margin: auto;\">\n        <div data-section=\"true\" class=\"columns-equal-class wrap-section\" style=\"margin: 0px; border-radius: 0px;\">\n            <table class=\"outer\" align=\"center\" cellpadding=\"0\" cellspacing=\"0\" style=\"border-collapse: collapse; width: 600px; display: block;\" role=\"presentation\">\n                <tbody>\n                    <tr>\n                        <th style=\"padding: 10px; border-color: rgb(0, 0, 0); border-width: 0px; border-style: none; border-radius: 0px;\" role=\"presentation\">\n                            <table style=\"width: 100%; border-collapse: collapse;\" class=\"containerWrapper tbContainer\" cellpadding=\"0\" cellspacing=\"0\" role=\"presentation\">\n                                <tbody>\n                                    <tr>\n                                        <th data-container=\"true\" class=\"columnContainer\" data-container-width=\"100\" style=\"min-width: 20px; width: 580px; height: 0px; padding: 0px;\" id=\"containercda77ea9aa4851712744411788\" role=\"presentation\">\n                                            <table width=\"100%\" cellpadding=\"0\" cellspacing=\"0\" style=\"height: 100%;\" role=\"presentation\">\n                                                <tbody>\n                                                    <tr>\n                                                        <th class=\"inner ui-sortable\" style=\"min-width: 20px; padding: 10px; vertical-align: top; word-wrap: break-word; word-break: break-word; word-wrap: break-word; word-break: break-word; background-color: rgba(0, 0, 0, 0); border-color: rgb(0, 0, 0); border-width: 0px; border-style: none; border-radius: 0px; font-weight: normal;\" role=\"presentation\">\n                                                                <div data-editorblocktype=\"Image\" style=\"margin: 10px; padding: 0px;\"><div align=\"Center\" class=\"imageWrapper\" data-image-file-id=\"c3cd35b2-23f7-ee11-a1fd-000d3a3308bb\"><img src=\"https://assets-usa.mkt.dynamics.com/952476d5-de9b-ee11-be32-6045bd00312b/digitalassets/images/c3cd35b2-23f7-ee11-a1fd-000d3a3308bb?ts=638483411303977573\" style=\"max-height: 100%; max-width: 100%; box-sizing: border-box; display: block; border-radius: 0px; width: 601px; height: 186px;\" width=\"601\" height=\"186\"></div></div><div data-editorblocktype=\"Text\" style=\"margin: 10px;\">\n                                                            <div data-editorblocktype=\"Text\" style=\"margin: 10px;\">\n                                                                <table class=\"Table\" width=\"600\" style=\"width:600px; background:#f7f6fc\" align=\"center\">\n                                                                    <tbody>\n                                                                        <tr>\n                                                                            <td style=\"padding:0cm 0cm 0cm 0cm; background-color:#f7f6fc\">\n                                                                                <p><span style=\"font-family:Segoe UI,Frutiger,Helvetica Neue,Arial,sans-serif\"><span style=\"font-size:13px\"><span style=\"color:black\">Dear <strong>@{outputs('Get_a_row_by_ID')?['body/fullname']}</strong>,</span></span></span></p>\n                                                                                <p><br></p>\n                                                                                <p><span style=\"font-family:Segoe UI,Frutiger,Helvetica Neue,Arial,sans-serif\"><span style=\"font-size:13px\"We are pleased to inform you that your ticket has been successfully closed as the issue has been resolved. Below are the details of your ticket for your reference:</span></span></p>\n                                                                                <ul>\n                                                                                    <li><span style=\"font-family:Segoe UI,Frutiger,Helvetica Neue,Arial,sans-serif\"><span style=\"font-size:13px\"><strong>Ticket ID:</strong>@{triggerOutputs()?['body/crd25_col_ticketid']}</span></span></li>\n                                                                                    <li><span style=\"font-family:Segoe UI,Frutiger,Helvetica Neue,Arial,sans-serif\"><span style=\"font-size:13px\"><strong>Title:</strong> @{triggerOutputs()?['body/ey_title']}</span></span></li>\n                                                                                </ul>\n                                                                                <p><br></p>\n                                                                                <p><span style=\"font-family:Segoe UI,Frutiger,Helvetica Neue,Arial,sans-serif\"><span style=\"font-size:13px\">\nYou can see this record in the following <a href=\"@{variables('LINK')}\">LINK</a>. If you have any further questions or if the issue persists, please do not hesitate to reach out to us. We are here to help!\n</span></span></p>\n                                                                                <p><br></p>\n                                                                                <p><span style=\"font-family:Segoe UI,Frutiger,Helvetica Neue,Arial,sans-serif\"><span style=\"font-size:13px\">Thank you for your patience!</span></span></p>\n                                                                                <p><br></p>\n                                                                                <p><span style=\"font-size:11pt\"><span style=\"font-family:Calibri,sans-serif\"><span style=\"font-size:9.0pt\"><span style=\"font-family:&quot;EYInterstate Light&quot;\"><span style=\"color:black\"><strong><span style=\"font-family:&quot;EYInterstate Light&quot;\">Thank you for your cooperation.</span></strong><br><b><strong><span style=\"font-family:&quot;EYInterstate Light&quot;\">EY Fabric Team </span></strong></b></span></span></span></span></span></p>\n                                                                            </td>\n                                                                        </tr>\n                                                                    </tbody>\n                                                                </table>\n                                                            </div>\n                                                        </th>\n                                                    </tr>\n                                                </tbody>\n                                            </table>\n                                        </th>\n                                    </tr>\n                                </tbody>\n                            </table>\n                        </th>\n                    </tr>\n                </tbody>\n            </table>\n        </div>\n    </div>\n</body>\t\t\t\n</html>",
                  "emailMessage/Importance": "Normal"
                },
                "authentication": "@parameters('$authentication')"
              }
            },
            "Apply_to_each": {
              "foreach": "@outputs('List_rows_2')?['body/value']",
              "actions": {
                "List_rows": {
                  "runAfter": {},
                  "metadata": {
                    "operationMetadataId": "2513942c-9c1b-411f-9bd3-8ebb7730d954"
                  },
                  "type": "OpenApiConnection",
                  "inputs": {
                    "host": {
                      "connectionName": "shared_commondataserviceforapps",
                      "operationId": "ListRecords",
                      "apiId": "/providers/Microsoft.PowerApps/apis/shared_commondataserviceforapps"
                    },
                    "parameters": {
                      "entityName": "environmentvariabledefinitions",
                      "$filter": "_environmentvariabledefinitionid_value eq '@{items('Apply_to_each')?['environmentvariabledefinitionid']}'",
                      "$top": 1
                    },
                    "authentication": "@parameters('$authentication')"
                  }
                },
                "Apply_to_each_2": {
                  "foreach": "@outputs('List_rows')?['body/value']",
                  "actions": {
                    "Condition_2": {
                      "actions": {
                        "Set_variable": {
                          "runAfter": {},
                          "metadata": {
                            "operationMetadataId": "848d140b-5107-469b-8ac9-e42d0ff7dfb5"
                          },
                          "type": "SetVariable",
                          "inputs": {
                            "name": "Env",
                            "value": "DEV - "
                          }
                        },
                        "Set_variable_3": {
                          "runAfter": {
                            "Set_variable": [
                              "Succeeded"
                            ]
                          },
                          "metadata": {
                            "operationMetadataId": "0b6b86df-87cc-4824-8a41-66a9f403f2bd"
                          },
                          "type": "SetVariable",
                          "inputs": {
                            "name": "LINK",
                            "value": "https://fabricacrm-dev.crm.dynamics.com/main.aspx?appid=e18df015-7a76-ef11-a670-0022480c55cb&pagetype=entityrecord&etn=crd25_tbl_servicecasemanagement&id=@{triggerOutputs()?['body/crd25_tbl_servicecasemanagementid']}"
                          }
                        }
                      },
                      "runAfter": {},
                      "else": {
                        "actions": {
                          "Set_variable_2": {
                            "runAfter": {},
                            "metadata": {
                              "operationMetadataId": "baa30693-fd3f-43ea-8898-5546a846dc4a"
                            },
                            "type": "SetVariable",
                            "inputs": {
                              "name": "Env",
                              "value": " "
                            }
                          },
                          "Set_variable_4": {
                            "runAfter": {
                              "Set_variable_2": [
                                "Succeeded"
                              ]
                            },
                            "metadata": {
                              "operationMetadataId": "ccf1bf75-c2f2-4d62-9b23-bef32c9fa8e6"
                            },
                            "type": "SetVariable",
                            "inputs": {
                              "name": "LINK",
                              "value": "https://fabriccrm-prod.crm.dynamics.com/main.aspx?appid=aa71e08a-787b-ef11-a670-000d3a321309&pagetype=entityrecord&etn=crd25_tbl_servicecasemanagement&id=@{triggerOutputs()?['body/crd25_tbl_servicecasemanagementid']}"
                            }
                          }
                        }
                      },
                      "expression": {
                        "equals": [
                          "@items('Apply_to_each')?['value']",
                          "DEV"
                        ]
                      },
                      "metadata": {
                        "operationMetadataId": "a218e2dd-b918-4929-a7db-878e4e6d8bdd"
                      },
                      "type": "If"
                    }
                  },
                  "runAfter": {
                    "List_rows": [
                      "Succeeded"
                    ]
                  },
                  "metadata": {
                    "operationMetadataId": "b20d5ef1-19a4-442a-8075-34a139d3e59c"
                  },
                  "type": "Foreach"
                }
              },
              "runAfter": {
                "List_rows_2": [
                  "Succeeded"
                ]
              },
              "metadata": {
                "operationMetadataId": "797f512d-218b-4796-90e5-ce18fb1fbbed"
              },
              "type": "Foreach"
            },
            "Get_a_row_by_ID": {
              "runAfter": {
                "Apply_to_each": [
                  "Succeeded"
                ]
              },
              "metadata": {
                "operationMetadataId": "8c5cb933-2d84-431e-94e1-000256b96890"
              },
              "type": "OpenApiConnection",
              "inputs": {
                "host": {
                  "connectionName": "shared_commondataserviceforapps",
                  "operationId": "GetItem",
                  "apiId": "/providers/Microsoft.PowerApps/apis/shared_commondataserviceforapps"
                },
                "parameters": {
                  "entityName": "systemusers",
                  "recordId": "@triggerOutputs()?['body/_ownerid_value']"
                },
                "authentication": "@parameters('$authentication')"
              }
            }
          },
          "runAfter": {
            "Initialize_variable_2": [
              "Succeeded"
            ]
          },
          "else": {
            "actions": {
              "Terminate": {
                "runAfter": {},
                "metadata": {
                  "operationMetadataId": "484033e4-f3d0-4ce2-9be8-58ddcd7eec7a"
                },
                "type": "Terminate",
                "inputs": {
                  "runStatus": "Succeeded"
                }
              }
            }
          },
          "expression": {
            "equals": [
              "@triggerOutputs()?['body/ey_status']",
              122280003
            ]
          },
          "metadata": {
            "operationMetadataId": "1d322950-416f-4e90-b172-153385c2913a"
          },
          "type": "If"
        }
      }
    },
    "templateName": ""
  },
  "schemaVersion": "1.0.0.0"
}