<environmentvariabledefinition schemaname="eyf_Environment">
  <defaultvalue>PROD</defaultvalue>
  <description default="Environment description">
    <label description="Environment description" languagecode="1033" />
  </description>
  <displayname default="Environment">
    <label description="Environment" languagecode="1033" />
  </displayname>
  <introducedversion>1.0.0.8</introducedversion>
  <iscustomizable>1</iscustomizable>
  <isrequired>0</isrequired>
  <secretstore>0</secretstore>
  <type>100000000</type>
</environmentvariabledefinition>