<environmentvariabledefinition schemaname="eyf_EnvLink">
  <defaultvalue>https://fabriccrm-prod.crm.dynamics.com/main.aspx?appid=aa71e08a-787b-ef11-a670-000d3a321309&amp;pagetype=entityrecord&amp;etn=crd25_tbl_servicecasemanagement&amp;id=</defaultvalue>
  <description default="Environment Link">
    <label description="Environment Link" languagecode="1033" />
  </description>
  <displayname default="Environment Link">
    <label description="Environment Link" languagecode="1033" />
  </displayname>
  <introducedversion>1.0.0.8</introducedversion>
  <iscustomizable>1</iscustomizable>
  <isrequired>0</isrequired>
  <secretstore>0</secretstore>
  <type>100000000</type>
</environmentvariabledefinition>